source_row_number,legajo_canonico,row_kind,raw_ubicacion,raw_concesion,raw_manzana,raw_parcela,source_component_profile,source_component_count,source_ncp_derived,source_ncp_derivation_status,match_method,match_count,confidence,reason,parcela_id,ncp,ncp_formatted,ncp_format_status,sec,gru,nmanz,nparc,lon,lat,auto_lon,auto_lat,geolocation_source,admin_override_reason,admin_override_updated_at,postal_address_available,cadastral_reference_available,dual_verification_ready,address_query,address_geocode_status,address_match_name,address_lon,address_lat,address_vs_auto_cadastral_distance_m,address_vs_cadastral_distance_m,auto_location_verification_status,location_verification_status
3,2,detail,Bvard. Gaillard N° 1139,48,379,2,gru+manz+parc,3,0100011010480379--002--,derived_from_source_gru_manz_parc,gru_manz_parc,1,high,unique_match_by_gru_manz_parc,28216,0100011010480379--002--,0100011010480379--002--,matches_source_ncp,101,48,379,2,-58.15770947,-32.22609294,-58.15770947,-32.22609294,automatic,,,yes,yes,yes,"Gaillard 1139, Colón",matched_ign,"AMILCAR GAILLARD 1139, Colón, Entre Ríos",-58.15769663,-32.22659514,55.86,55.86,verified_close,verified_close
4,3,detail,"25 de Mayo Nº 184, 186, 190",,133,,manz,1,,no_unique_parcel_inference,none,0,low,no_cadastral_match,,,,missing_components,,,,,,,,,automatic,,,yes,yes,no,"25 de Mayo 184, Colón",matched_ign,"25 DE MAYO 184, Colón, Entre Ríos",-58.13825265,-32.22514903,,,missing_cadastral_point,missing_cadastral_point
5,4,detail,Piamonte N° 381,,379,1,manz+parc,2,0100011010480379--001--,derived_from_source_manz_parc,manz_parc,1,medium,unique_match_by_manz_parc,28135,0100011010480379--001--,0100011010480379--001--,matches_source_ncp,101,48,379,1,-58.15808523,-32.22594120,-58.15808523,-32.22594120,automatic,,,yes,yes,yes,"Piamonte 381, Colón",matched_ign,"PIAMONTE 381, Colón, Entre Ríos",-58.15887944,-32.22574620,77.79,77.79,verified_nearby,verified_nearby
6,5,detail,F. Domichin s/N°,327,11,11,gru+manz+parc,3,0100010123270011--011--,derived_from_source_gru_manz_parc,gru_manz_parc,1,high,unique_match_by_gru_manz_parc,36225,0100010123270011--011--,0100010123270011--011--,matches_source_ncp,12,327,11,11,-58.16171253,-32.22756122,-58.16171253,-32.22756122,automatic,,,yes,yes,no,"F. Domichin °, Colón",no_ign_match,,,,,,missing_address_point,missing_address_point
7,6,detail,Bvard. Ferrari Nº 769,,28,18,manz+parc,2,0100010000000028--018--,derived_from_source_manz_parc,manz_parc,1,medium,unique_match_by_manz_parc,32068,0100010000000028--018--,0100010000000028--018--,matches_source_ncp,0,0,28,18,-58.14192078,-32.23143297,-58.14192078,-32.23143297,automatic,,,yes,yes,yes,"Boulevard Ferrari 769, Colón",matched_ign,"BV FERRARI 769, Colón, Entre Ríos",-58.14168079,-32.23163143,31.57,31.57,verified_close,verified_close
8,7,detail,Andrade N° 261,,135,26,manz+parc,2,0100010000000135--026--,derived_from_source_manz_parc,manz_parc,1,medium,unique_match_by_manz_parc,37159,0100010000000135--026--,0100010000000135--026--,matches_source_ncp,0,0,135,26,-58.13651888,-32.22578190,-58.13651888,-32.22578190,automatic,,,yes,yes,yes,"Andrade 261, Colón",matched_ign,"OLEGARIO V ANDRADE 261, Colón, Entre Ríos",-58.13631482,-32.22560741,27.29,27.29,verified_close,verified_close
9,8,detail,"12 de Abril esq. 25 de Mayo N° 08, 14",,130,15 - UF 02,manz+parc,2,,no_unique_parcel_inference,none,0,low,no_cadastral_match,,,,missing_components,,,,,,,,,automatic,,,yes,yes,no,"de Abril 25, Colón",matched_ign,"12 DE ABRIL 25, Colón, Entre Ríos",-58.13409671,-32.21833235,,,missing_cadastral_point,missing_cadastral_point
10,9,detail,Avda Paysandú N° 1024,,435,1,manz+parc,2,0100011010620435--001--,derived_from_source_manz_parc,manz_parc,1,medium,unique_match_by_manz_parc,28727,0100011010620435--001--,0100011010620435--001--,matches_source_ncp,101,62,435,1,-58.15682625,-32.22406627,-58.15682625,-32.22406627,automatic,,,yes,yes,yes,"Avenida Paysandú 1024, Colón",matched_ign,"AV PAYSANDU 1024, Colón, Entre Ríos",-58.15718103,-32.22367808,54.56,54.56,verified_close,verified_close
11,10,detail,San Martín Nª 702 esq. Salta N° 46,,36,20,manz+parc,2,0100010000000036--020--,derived_from_source_manz_parc,manz_parc,1,medium,unique_match_by_manz_parc,33605,0100010000000036--020--,0100010000000036--020--,matches_source_ncp,0,0,36,20,-58.14583729,-32.22568307,-58.14583729,-32.22568307,automatic,,,yes,yes,yes,"San Martín 702, Colón",matched_ign,"AV SAN MARTIN 702, Colón, Entre Ríos",-58.14585246,-32.22550739,19.59,19.59,verified_close,verified_close
12,11,detail,Calle Pública S/N° (Loteo Luna),111,1,1,gru+manz+parc,3,0100010151110001--001--,derived_from_source_gru_manz_parc,gru_manz_parc,1,high,unique_match_by_gru_manz_parc,35115,0100010151110001--001--,0100010151110001--001--,matches_source_ncp,15,111,1,1,-58.21047633,-32.26833352,-58.21047633,-32.26833352,automatic,,,yes,yes,no,"Calle Pública ° Loteo Luna, Colón",no_ign_match,,,,,,missing_address_point,missing_address_point
13,12,detail,A. Peyret Nº 210,,209,3,manz+parc,2,0100010000000209--003--,derived_from_source_manz_parc,manz_parc,1,medium,unique_match_by_manz_parc,31276,0100010000000209--003--,0100010000000209--003--,matches_source_ncp,0,0,209,3,-58.13778014,-32.21569897,-58.13778014,-32.21569897,automatic,,,yes,yes,yes,"Peyret 210, Colón",matched_ign,"ALEJO PEYRET 210, Colón, Entre Ríos",-58.13751429,-32.21562138,26.46,26.46,verified_close,verified_close
14,13,detail,"Gral. Paz Nº 32 , 34 (40)",,88,2,manz+parc,2,0100010000000088--002--,derived_from_source_manz_parc,manz_parc,1,medium,unique_match_by_manz_parc,28596,0100010000000088--002--,0100010000000088--002--,matches_source_ncp,0,0,88,2,-58.14284645,-32.22373921,-58.14284645,-32.22373921,automatic,,,yes,yes,no,"General Paz 32, 34 40, Colón",no_ign_match,,,,,,missing_address_point,missing_address_point
15,14,detail,"San Martìn Nª 491, 493",,100,10,manz+parc,2,0100010000000100--010--,derived_from_source_manz_parc,manz_parc,1,medium,unique_match_by_manz_parc,28833,0100010000000100--010--,0100010000000100--010--,matches_source_ncp,0,0,100,10,-58.14287124,-32.22312988,-58.14287124,-32.22312988,automatic,,,yes,yes,yes,"San Martìn 491, Colón",matched_ign,"AV SAN MARTIN 491, Colón, Entre Ríos",-58.14272765,-32.22329723,22.99,22.99,verified_close,verified_close
16,15,detail,"Sourigues N° 126, 130, 132, 136",,99,2,manz+parc,2,0100010000000099--002--,derived_from_source_manz_parc,manz_parc,1,medium,unique_match_by_manz_parc,29408,0100010000000099--002--,0100010000000099--002--,matches_source_ncp,0,0,99,2,-58.14339307,-32.22170018,-58.14339307,-32.22170018,automatic,,,yes,yes,yes,"Sourigues 126, Colón",matched_ign,"SOURIGUES 126, Colón, Entre Ríos",-58.14314568,-32.22168504,23.33,23.33,verified_close,verified_close
17,16,detail,Leprati s/N°,331,3,7,gru+manz+parc,3,0100010063310003--007--,derived_from_source_gru_manz_parc,gru_manz_parc,1,high,unique_match_by_gru_manz_parc,36679,0100010063310003--007--,0100010063310003--007--,matches_source_ncp,6,331,3,7,-58.17120670,-32.21059358,-58.17120670,-32.21059358,automatic,,,yes,yes,no,"Leprati °, Colón",no_ign_match,,,,,,missing_address_point,missing_address_point
18,17,detail,Rocamora N° 722,,559,15,manz+parc,2,0100010000000559--015--,derived_from_source_manz_parc,manz_parc,1,medium,unique_match_by_manz_parc,29824,0100010000000559--015--,0100010000000559--015--,matches_source_ncp,0,0,559,15,-58.15106636,-32.22084448,-58.15106636,-32.22084448,automatic,,,yes,yes,yes,"Rocamora 722, Colón",matched_ign,"TOMAS DE ROCAMORA 722, Colón, Entre Ríos",-58.15124304,-32.22068476,24.32,24.32,verified_close,verified_close
19,18,detail,Calle Pública s/N°,355,1,5,gru+manz+parc,3,0100010063550001--005--,derived_from_source_gru_manz_parc,gru_manz_parc,1,high,unique_match_by_gru_manz_parc,33041,0100010063550001--005--,0100010063550001--005--,matches_source_ncp,6,355,1,5,-58.16101109,-32.20863932,-58.16101109,-32.20863932,automatic,,,yes,yes,no,"Calle Pública °, Colón",no_ign_match,,,,,,missing_address_point,missing_address_point
21,20,detail,M. M. Moreno N° 1186 y F. Gomez Miranda,,341,6,manz+parc,2,0100010000000341--006--,derived_from_source_manz_parc,manz_parc,1,medium,unique_match_by_manz_parc,36010,0100010000000341--006--,0100010000000341--006--,matches_source_ncp,0,0,341,6,-58.15243065,-32.23336156,-58.15243065,-32.23336156,automatic,,,yes,yes,no,"M. Mariano Moreno 1186 y F. Gomez Miranda, Colón",no_ign_match,,,,,,missing_address_point,missing_address_point
22,21,detail,Alberdi N° 273,,152,10 y 19,manz+parc,2,,no_unique_parcel_inference,none,0,low,no_cadastral_match,,,,missing_components,,,,,,,,,automatic,,,yes,yes,no,"Alberdi 273, Colón",matched_ign,"ALBERDI 273, Colón, Entre Ríos",-58.14191001,-32.21774142,,,missing_cadastral_point,missing_cadastral_point
23,22,detail,Bvard. Gaillard Nº 1181,34,351,12,gru+manz+parc,3,0100011010340351--012--,derived_from_source_gru_manz_parc,gru_manz_parc,1,high,unique_match_by_gru_manz_parc,36395,0100011010340351--012--,0100011010340351--012--,matches_source_ncp,101,34,351,12,-58.15866305,-32.22687510,-58.15866305,-32.22687510,automatic,,,yes,yes,yes,"Gaillard 1181, Colón",matched_ign,"AMILCAR GAILLARD 1181, Colón, Entre Ríos",-58.15901426,-32.22752429,79.39,79.39,verified_nearby,verified_nearby
24,23,detail,Avda Los Lapachos s/N°,,3,8,manz+parc,2,,ambiguous_source_components,manz_parc,13,low,ambiguous_match_by_manz_parc,26094,0100010113100003--008--,0100010113100003--008--,matches_source_ncp,11,310,3,8,-58.16792781,-32.23184555,-58.16792781,-32.23184555,automatic,,,yes,yes,no,"Avenida Los Lapachos °, Colón",no_ign_match,,,,,,missing_address_point,missing_address_point
25,24,detail,Conte Grand N° 476,49,381,3,gru+manz+parc,3,0100011010490381--003--,derived_from_source_gru_manz_parc,gru_manz_parc,1,high,unique_match_by_gru_manz_parc,32768,0100011010490381--003--,0100011010490381--003--,matches_source_ncp,101,49,381,3,-58.15915048,-32.22440160,-58.15915048,-32.22440160,automatic,,,yes,yes,yes,"Conte Grand 476, Colón",matched_ign,"J CONTE GRAND 476, Colón, Entre Ríos",-58.15882491,-32.22422975,36.10,36.10,verified_close,verified_close
26,25,detail,Calle Pùblica s/Nº,355,14,8,gru+manz+parc,3,0100010063550014--008--,derived_from_source_gru_manz_parc,gru_manz_parc,1,high,unique_match_by_gru_manz_parc,35314,0100010063550014--008--,0100010063550014--008--,matches_source_ncp,6,355,14,8,-58.15942358,-32.20702509,-58.15942358,-32.20702509,automatic,,,yes,yes,no,"Calle Pùblica º, Colón",no_ign_match,,,,,,missing_address_point,missing_address_point
27,26,detail,Paso de los Andes N° 269,,151,20,manz+parc,2,,no_unique_parcel_inference,none,0,low,no_cadastral_match,,,,missing_components,,,,,,,,,automatic,,,yes,yes,no,"Paso de los Andes 269, Colón",matched_ign,"PASO DE LOS ANDES 269, Colón, Entre Ríos",-58.15192014,-32.22373160,,,missing_cadastral_point,missing_cadastral_point
28,27,detail,"Calle Hugo ""Pocho"" Lapratti s/N°",331,6,4,gru+manz+parc,3,0100010063310006--004--,derived_from_source_gru_manz_parc,gru_manz_parc,1,high,unique_match_by_gru_manz_parc,36384,0100010063310006--004--,0100010063310006--004--,matches_source_ncp,6,331,6,4,-58.17182768,-32.21101845,-58.17182768,-32.21101845,automatic,,,yes,yes,no,"Calle Hugo ""Pocho"" Lapratti °, Colón",no_ign_match,,,,,,missing_address_point,missing_address_point
29,28,detail,Dominchin s/N°,327,10,9,gru+manz+parc,3,0100010123270010--009--,derived_from_source_gru_manz_parc,gru_manz_parc,1,high,unique_match_by_gru_manz_parc,34804,0100010123270010--009--,0100010123270010--009--,matches_source_ncp,12,327,10,9,-58.16136955,-32.22949365,-58.16136955,-32.22949365,automatic,,,yes,yes,no,"Dominchin °, Colón",no_ign_match,,,,,,missing_address_point,missing_address_point
30,29,detail,"Bvard. Sanguinetti N° 185, 187, 189 e/ Gouchón y Chacabuco",,11,13,manz+parc,2,,ambiguous_source_components,manz_parc,3,low,ambiguous_match_by_manz_parc,28193,0100010000000011--013--,0100010000000011--013--,matches_source_ncp,0,0,11,13,-58.15015201,-32.22522959,-58.15015201,-32.22522959,automatic,,,yes,yes,no,"Sanguinetti 185, Colón",matched_ign,"INT SANGUINETTI 185, Colón, Entre Ríos",-58.15034743,-32.22543343,29.18,29.18,verified_close,verified_close
31,30,detail,Camino B. Horne s/Nº,50,,7,gru+parc,2,,ambiguous_source_components,gru_parc,2,low,ambiguous_match_by_gru_parc,35493,0100010030500000--007--,0100010030500000--007--,matches_source_ncp,3,50,0,7,-58.23520984,-32.24419165,-58.23520984,-32.24419165,automatic,,,yes,yes,no,"Camino B. Horne º, Colón",no_ign_match,,,,,,missing_address_point,missing_address_point
32,31,detail,Maipú N° 270,,124,21,manz+parc,2,0100010000000124--021--,derived_from_source_manz_parc,manz_parc,1,medium,unique_match_by_manz_parc,24403,0100010000000124--021--,0100010000000124--021--,matches_source_ncp,0,0,124,21,-58.14374880,-32.21849468,-58.14374880,-32.21849468,automatic,,,yes,yes,yes,"Maipú 270, Colón",matched_ign,"MAIPU 270, Colón, Entre Ríos",-58.14350912,-32.21839340,25.20,25.20,verified_close,verified_close
33,32,detail,Bvard. Ferrari Nº 715,,29,5,manz+parc,2,0100010000000029--005--,derived_from_source_manz_parc,manz_parc,1,medium,unique_match_by_manz_parc,26091,0100010000000029--005--,0100010000000029--005--,matches_source_ncp,0,0,29,5,-58.14098695,-32.23081701,-58.14098695,-32.23081701,automatic,,,yes,yes,yes,"Boulevard Ferrari 715, Colón",matched_ign,"BV FERRARI 715, Colón, Entre Ríos",-58.14074430,-32.23096814,28.34,28.34,verified_close,verified_close
34,33,detail,Alberdi Nº 625,,152,8,manz+parc,2,0100010000000152--008--,derived_from_source_manz_parc,manz_parc,1,medium,unique_match_by_manz_parc,30843,0100010000000152--008--,0100010000000152--008--,matches_source_ncp,0,0,152,8,-58.14192947,-32.21751722,-58.14192947,-32.21751722,automatic,,,yes,yes,yes,"Alberdi 625, Colón",matched_ign,"ALBERDI 625, Colón, Entre Ríos",-58.14741231,-32.22171535,695.66,695.66,review_large_gap,review_large_gap
35,34,detail,Ruta Nac Nº 135,47,,1,gru+parc,2,0100010090470000--001--,derived_from_source_gru_parc,gru_parc,1,medium,unique_match_by_gru_parc,24907,0100010090470000--001--,0100010090470000--001--,matches_source_ncp,9,47,0,1,-58.23345425,-32.25681122,-58.23345425,-32.25681122,automatic,,,yes,yes,no,"Ruta Nac 135, Colón",no_ign_match,,,,,,missing_address_point,missing_address_point
36,35,detail,Tucumàn Nº,27,338,17,gru+manz+parc,3,0100011020270338--017--,derived_from_source_gru_manz_parc,gru_manz_parc,1,high,unique_match_by_gru_manz_parc,36850,0100011020270338--017--,0100011020270338--017--,matches_source_ncp,102,27,338,17,-58.15023932,-32.23553354,-58.15023932,-32.23553354,automatic,,,yes,yes,no,"Tucumàn, Colón",no_ign_match,,,,,,missing_address_point,missing_address_point
37,36,detail,Castelli N° 256 esq Tucumán N° ..,,55,18,manz+parc,2,0100010000000055--018--,derived_from_source_manz_parc,manz_parc,1,medium,unique_match_by_manz_parc,33901,0100010000000055--018--,0100010000000055--018--,matches_source_ncp,0,0,55,18,-58.14169415,-32.22935770,-58.14169415,-32.22935770,automatic,,,yes,yes,yes,"Castelli 256, Colón",matched_ign,"JUAN JOSE CASTELLI 256, Colón, Entre Ríos",-58.14183098,-32.22946393,17.47,17.47,verified_close,verified_close
38,37,detail,Calle Pùblica s/Nº,225,6,4,gru+manz+parc,3,0100010112250006--004--,derived_from_source_gru_manz_parc,gru_manz_parc,1,high,unique_match_by_gru_manz_parc,36254,0100010112250006--004--,0100010112250006--004--,matches_source_ncp,11,225,6,4,-58.18780645,-32.24653113,-58.18780645,-32.24653113,automatic,,,yes,yes,no,"Calle Pùblica º, Colón",no_ign_match,,,,,,missing_address_point,missing_address_point
39,38,detail,Sauce esq Agua-I,367,2,9,gru+manz+parc,3,0100010063670002--009--,derived_from_source_gru_manz_parc,gru_manz_parc,1,high,unique_match_by_gru_manz_parc,36191,0100010063670002--009--,0100010063670002--009--,matches_source_ncp,6,367,2,9,-58.15703280,-32.20541991,-58.15703280,-32.20541991,automatic,,,yes,yes,no,"Sauce esq Agua-I, Colón",no_ign_match,,,,,,missing_address_point,missing_address_point
41,40,detail,Paso de los Andes N° 824 e/Ramírez y Sanguinetti,,13,18,manz+parc,2,,ambiguous_source_components,manz_parc,2,low,ambiguous_match_by_manz_parc,28746,0100010000000013--018--,0100010000000013--018--,matches_source_ncp,0,0,13,18,-58.15134282,-32.22353201,-58.15134282,-32.22353201,automatic,,,yes,yes,no,"Paso de los Andes 824, Colón",matched_ign,"PASO DE LOS ANDES 824, Colón, Entre Ríos",-58.15147976,-32.22342069,17.87,17.87,verified_close,verified_close
42,41,detail,Los Bretes,3,7,10,gru+manz+parc,3,0100010170030007--010--,derived_from_source_gru_manz_parc,gru_manz_parc,1,high,unique_match_by_gru_manz_parc,33458,0100010170030007--010--,0100010170030007--010--,matches_source_ncp,17,3,7,10,-58.13085685,-32.24462169,-58.13085685,-32.24462169,automatic,,,yes,yes,no,"Los Bretes, Colón",no_ign_match,,,,,,missing_address_point,missing_address_point
43,42,detail,Calle Ibirá Pitá s/N° (Los Bretes),3,8,4,gru+manz+parc,3,0100010170030008--004--,derived_from_source_gru_manz_parc,gru_manz_parc,1,high,unique_match_by_gru_manz_parc,33226,0100010170030008--004--,0100010170030008--004--,matches_source_ncp,17,3,8,4,-58.12946833,-32.24378047,-58.12946833,-32.24378047,automatic,,,yes,yes,no,"Calle Ibirá Pitá ° Los Bretes, Colón",no_ign_match,,,,,,missing_address_point,missing_address_point
44,43,detail,Calle Pública s/N° (Loteo San Juan 1°),111,13,6,gru+manz+parc,3,0100010151110013--006--,derived_from_source_gru_manz_parc,gru_manz_parc,1,high,unique_match_by_gru_manz_parc,35442,0100010151110013--006--,0100010151110013--006--,matches_source_ncp,15,111,13,6,-58.20891032,-32.27226079,-58.20891032,-32.27226079,automatic,,,yes,yes,no,"Calle Pública ° Loteo San Juan 1°, Colón",no_ign_match,,,,,,missing_address_point,missing_address_point
45,44,detail,Castelli N° 612 (antes 632) esq R. Favaloro,91,571,4,gru+manz+parc,3,0100011020910571--004--,derived_from_source_gru_manz_parc,gru_manz_parc,1,high,unique_match_by_gru_manz_parc,37076,0100011020910571--004--,0100011020910571--004--,matches_source_ncp,102,91,571,4,-58.13654908,-32.23461575,-58.13654908,-32.23461575,automatic,,,yes,yes,yes,"Castelli 612, Colón",matched_ign,"JUAN JOSE CASTELLI 612, Colón, Entre Ríos",-58.13662324,-32.23471952,13.48,13.48,verified_close,verified_close
46,45,detail,Gouchòn Nº 1135 y 1137,,375,24,manz+parc,2,0100010000000375--024--,derived_from_source_manz_parc,manz_parc,1,medium,unique_match_by_manz_parc,26664,0100010000000375--024--,0100010000000375--024--,matches_source_ncp,0,0,375,24,-58.15488928,-32.22925032,-58.15488928,-32.22925032,automatic,,,yes,yes,yes,"Gouchòn 1135, Colón",matched_ign,"EMILIO GOUCHON 1135, Colón, Entre Ríos",-58.15473671,-32.22941981,23.69,23.69,verified_close,verified_close
47,46,detail,"Calle Privada ""Avda Los Lapachos"" s/Nº - Los Bretes",3,2,5,gru+manz+parc,3,0100010170030002--005--,derived_from_source_gru_manz_parc,gru_manz_parc,1,high,unique_match_by_gru_manz_parc,33192,0100010170030002--005--,0100010170030002--005--,matches_source_ncp,17,3,2,5,-58.13278614,-32.24353039,-58.13278614,-32.24353039,automatic,,,yes,yes,no,"Calle Privada ""Avenida Los Lapachos"" º, Colón",no_ign_match,,,,,,missing_address_point,missing_address_point
48,47,detail,Bvard. Sanguinetti N° 560 (antes 556),78,518,5,gru+manz+parc,3,0100011010780518--005--,derived_from_source_gru_manz_parc,gru_manz_parc,1,high,unique_match_by_gru_manz_parc,34722,0100011010780518--005--,0100011010780518--005--,matches_source_ncp,101,78,518,5,-58.15606083,-32.21996651,-58.15606083,-32.21996651,automatic,,,yes,yes,yes,"Sanguinetti 560, Colón",matched_ign,"INT SANGUINETTI 560, Colón, Entre Ríos",-58.15577704,-32.21988127,28.33,28.33,verified_close,verified_close
49,48,detail,Balcarce N° 370,,709,3,manz+parc,2,0100010000000709--003--,derived_from_source_manz_parc,manz_parc,1,medium,unique_match_by_manz_parc,31139,0100010000000709--003--,0100010000000709--003--,matches_source_ncp,0,0,709,3,-58.14443614,-32.21642647,-58.14443614,-32.21642647,automatic,,,yes,yes,yes,"Balcarce 370, Colón",matched_ign,"BALCARCE 370, Colón, Entre Ríos",-58.14414811,-32.21628941,31.09,31.09,verified_close,verified_close
50,49,detail,Piamonte N° e/ Combatientes de Malvinas y Tratado del Pilar,36,355,16,gru+manz+parc,3,0100011010360355--016--,derived_from_source_gru_manz_parc,gru_manz_parc,1,high,unique_match_by_gru_manz_parc,34363,0100011010360355--016--,0100011010360355--016--,matches_source_ncp,101,36,355,16,-58.16142057,-32.22359382,-58.16142057,-32.22359382,automatic,,,yes,yes,no,"Piamonte e/ Combatientes de Malvinas y Tratado del Pilar, Colón",no_ign_match,,,,,,missing_address_point,missing_address_point
52,526955,detail,Sarmiento Nº 444 esq Avda Paysandù,,731,1,manz+parc,2,0100010000000731--001--,derived_from_source_manz_parc,manz_parc,1,medium,unique_match_by_manz_parc,31444,0100010000000731--001--,0100010000000731--001--,matches_source_ncp,0,0,731,1,-58.14444303,-32.21472688,-58.14444303,-32.21472688,automatic,,,yes,yes,yes,"Sarmiento 444, Colón",matched_ign,"SARMIENTO 444, Colón, Entre Ríos",-58.14434661,-32.21458298,18.39,18.39,verified_close,verified_close
53,51,detail,Calle Pùblica s/Nº,341,2,6,gru+manz+parc,3,0100010063410002--006--,derived_from_source_gru_manz_parc,gru_manz_parc,1,high,unique_match_by_gru_manz_parc,36788,0100010063410002--006--,0100010063410002--006--,matches_source_ncp,6,341,2,6,-58.16137064,-32.21611307,-58.16137064,-32.21611307,automatic,,,yes,yes,no,"Calle Pùblica º, Colón",no_ign_match,,,,,,missing_address_point,missing_address_point
54,52,detail,Rocamora N° 1182 e/ Piamonte y Penón,34,351,5,gru+manz+parc,3,0100011010340351--005--,derived_from_source_gru_manz_parc,gru_manz_parc,1,high,unique_match_by_gru_manz_parc,35341,0100011010340351--005--,0100011010340351--005--,matches_source_ncp,101,34,351,5,-58.15904820,-32.22648938,-58.15904820,-32.22648938,automatic,,,yes,yes,no,"Rocamora 1182 e/ Piamonte y Penón, Colón",no_ign_match,,,,,,missing_address_point,missing_address_point
55,53,detail,Alvear N° 321,,71,12,manz+parc,2,0100010000000071--012--,derived_from_source_manz_parc,manz_parc,1,medium,unique_match_by_manz_parc,30012,0100010000000071--012--,0100010000000071--012--,matches_source_ncp,0,0,71,12,-58.14786039,-32.22020681,-58.14786039,-32.22020681,automatic,,,yes,yes,yes,"Alvear 321, Colón",matched_ign,"GRL ALVEAR 321, Colón, Entre Ríos",-58.14799166,-32.22040791,25.54,25.54,verified_close,verified_close
56,54,detail,Carlos A. Evans s/Nº (antes Ibirà Pità- Los Bretes),3,8,6,gru+manz+parc,3,0100010170030008--006--,derived_from_source_gru_manz_parc,gru_manz_parc,1,high,unique_match_by_gru_manz_parc,33763,0100010170030008--006--,0100010170030008--006--,matches_source_ncp,17,3,8,6,-58.12957956,-32.24324954,-58.12957956,-32.24324954,automatic,,,yes,yes,no,"Carlos A. Evans º, Colón",no_ign_match,,,,,,missing_address_point,missing_address_point
57,55,detail,Bvard. Ferrari N° 1361 (antes 1357),,258,4,manz+parc,2,0100011020080258--004--,derived_from_source_manz_parc,manz_parc,1,medium,unique_match_by_manz_parc,34106,0100011020080258--004--,0100011020080258--004--,matches_source_ncp,102,8,258,4,-58.15221965,-32.23885254,-58.15221965,-32.23885254,automatic,,,yes,yes,yes,"Boulevard Ferrari 1361, Colón",matched_ign,"BV FERRARI 1361, Colón, Entre Ríos",-58.15182900,-32.23902733,41.56,41.56,verified_close,verified_close
58,56,detail,Castelli N° 313,,29,2,manz+parc,2,,ambiguous_source_components,manz_parc,2,low,ambiguous_match_by_manz_parc,24524,0100011030000029--002--,0100011030000029--002--,matches_source_ncp,103,0,29,2,-58.23415987,-32.29544380,-58.23415987,-32.29544380,automatic,,,yes,yes,no,"Castelli 313, Colón",matched_ign,"JUAN JOSE CASTELLI 313, Colón, Entre Ríos",-58.14101641,-32.23026985,11367.60,11367.60,review_large_gap,review_large_gap
59,525330,detail,Bvard. Ferrari N° esq. Castelli,,56,9,manz+parc,2,0100010000000056--009--,derived_from_source_manz_parc,manz_parc,1,medium,unique_match_by_manz_parc,26186,0100010000000056--009--,0100010000000056--009--,matches_source_ncp,0,0,56,9,-58.14048733,-32.23049379,-58.14048733,-32.23049379,automatic,,,yes,yes,no,"Boulevard Ferrari esq. Castelli, Colón",no_ign_match,,,,,,missing_address_point,missing_address_point
60,57,detail,Paso de los Andes Nº,,123,9,manz+parc,2,0100010000000123--009--,derived_from_source_manz_parc,manz_parc,1,medium,unique_match_by_manz_parc,30677,0100010000000123--009--,0100010000000123--009--,matches_source_ncp,0,0,123,9,-58.14475222,-32.21831061,-58.14475222,-32.21831061,automatic,,,yes,yes,no,"Paso de los Andes, Colón",no_ign_match,,,,,,missing_address_point,missing_address_point
61,58,detail,"Ruta N° 135, Km",46,,6,gru+parc,2,0100010090460000--006--,derived_from_source_gru_parc,gru_parc,1,medium,unique_match_by_gru_parc,35453,0100010090460000--006--,0100010090460000--006--,matches_source_ncp,9,46,0,6,-58.23241731,-32.25978868,-58.23241731,-32.25978868,automatic,,,yes,yes,no,"Ruta 135, Km, Colón",no_ign_match,,,,,,missing_address_point,missing_address_point
62,59,detail,12 de Abril Nº 286,,158,12,manz+parc,2,0100010000000158--012--,derived_from_source_manz_parc,manz_parc,1,medium,unique_match_by_manz_parc,29411,0100010000000158--012--,0100010000000158--012--,matches_source_ncp,0,0,158,12,-58.13840581,-32.22166490,-58.13840581,-32.22166490,automatic,,,yes,yes,yes,"12 de Abril 286, Colón",matched_ign,"12 DE ABRIL 286, Colón, Entre Ríos",-58.13853518,-32.22152798,19.49,19.49,verified_close,verified_close
63,60,detail,Avda. Paysandú N° 682,,578,3,manz+parc,2,0100010000000578--003--,derived_from_source_manz_parc,manz_parc,1,medium,unique_match_by_manz_parc,33373,0100010000000578--003--,0100010000000578--003--,matches_source_ncp,0,0,578,3,-58.15113066,-32.21957087,-58.15113066,-32.21957087,automatic,,,yes,yes,yes,"Avenida Paysandú 682, Colón",matched_ign,"AV PAYSANDU 682, Colón, Entre Ríos",-58.15130738,-32.21944941,21.42,21.42,verified_close,verified_close
64,61,detail,Bolívar N° 827,,10,9,manz+parc,2,,ambiguous_source_components,manz_parc,3,low,ambiguous_match_by_manz_parc,27901,0100010000000010--009--,0100010000000010--009--,matches_source_ncp,0,0,10,9,-58.14896229,-32.22626528,-58.14896229,-32.22626528,automatic,,,yes,yes,no,"Bolívar 827, Colón",matched_ign,"BOLIVAR 827, Colón, Entre Ríos",-58.14867150,-32.22628380,27.43,27.43,verified_close,verified_close
65,62,detail,Alberdi s/Nº,327,5,1,gru+manz+parc,3,0100010123270005--001--,derived_from_source_gru_manz_parc,gru_manz_parc,1,high,unique_match_by_gru_manz_parc,33748,0100010123270005--001--,0100010123270005--001--,matches_source_ncp,12,327,5,1,-58.16326041,-32.23081805,-58.16326041,-32.23081805,automatic,,,yes,yes,no,"Alberdi º, Colón",no_ign_match,,,,,,missing_address_point,missing_address_point
67,64,detail,Bolívar N° 1104 y 1106 esq. Conte Grand,,373,21,manz+parc,2,0100010000000373--021--,derived_from_source_manz_parc,manz_parc,1,medium,unique_match_by_manz_parc,37088,0100010000000373--021--,0100010000000373--021--,matches_source_ncp,0,0,373,21,-58.15349524,-32.22991739,-58.15349524,-32.22991739,automatic,,,yes,yes,yes,"Bolívar 1104, Colón",matched_ign,"BOLIVAR 1104, Colón, Entre Ríos",-58.15348740,-32.22976921,16.49,16.49,verified_close,verified_close
68,65,detail,Angel Elías s/N°,111,4,1,gru+manz+parc,3,0100010151110004--001--,derived_from_source_gru_manz_parc,gru_manz_parc,1,high,unique_match_by_gru_manz_parc,35065,0100010151110004--001--,0100010151110004--001--,matches_source_ncp,15,111,4,1,-58.20591840,-32.26652187,-58.20591840,-32.26652187,automatic,,,yes,yes,no,"Angel Elías °, Colón",no_ign_match,,,,,,missing_address_point,missing_address_point
69,66,detail,Calle Pùblica s/Nº,223,2,11,gru+manz+parc,3,0100010162230002--011--,derived_from_source_gru_manz_parc,gru_manz_parc,1,high,unique_match_by_gru_manz_parc,36286,0100010162230002--011--,0100010162230002--011--,matches_source_ncp,16,223,2,11,-58.18497283,-32.25594370,-58.18497283,-32.25594370,automatic,,,yes,yes,no,"Calle Pùblica º, Colón",no_ign_match,,,,,,missing_address_point,missing_address_point
70,67,detail,Laprida N° 123,,169,2,manz+parc,2,0100010000000169--002--,derived_from_source_manz_parc,manz_parc,1,medium,unique_match_by_manz_parc,29316,0100010000000169--002--,0100010000000169--002--,matches_source_ncp,0,0,169,2,-58.13591471,-32.22187259,-58.13591471,-32.22187259,automatic,,,yes,yes,yes,"Laprida 123, Colón",matched_ign,"LAPRIDA 123, Colón, Entre Ríos",-58.13574308,-32.22179205,18.46,18.46,verified_close,verified_close
71,68,detail,Calle Pública s/N°,341,1,7,gru+manz+parc,3,0100010063410001--007--,derived_from_source_gru_manz_parc,gru_manz_parc,1,high,unique_match_by_gru_manz_parc,36473,0100010063410001--007--,0100010063410001--007--,matches_source_ncp,6,341,1,7,-58.16075269,-32.21598941,-58.16075269,-32.21598941,automatic,,,yes,yes,no,"Calle Pública °, Colón",no_ign_match,,,,,,missing_address_point,missing_address_point
72,69,detail,"12 de Abril N° 432, 434",,115,11,manz+parc,2,0100010000000115--011--,derived_from_source_manz_parc,manz_parc,1,medium,unique_match_by_manz_parc,28684,0100010000000115--011--,0100010000000115--011--,matches_source_ncp,0,0,115,11,-58.14097238,-32.22349216,-58.14097238,-32.22349216,automatic,,,yes,yes,yes,"12 de Abril 432, Colón",matched_ign,"12 DE ABRIL 432, Colón, Entre Ríos",-58.14105120,-32.22328686,24.00,24.00,verified_close,verified_close
73,70,detail,Calle Pública s/N°,225,7,1,gru+manz+parc,3,0100010112250007--001--,derived_from_source_gru_manz_parc,gru_manz_parc,1,high,unique_match_by_gru_manz_parc,36255,0100010112250007--001--,0100010112250007--001--,matches_source_ncp,11,225,7,1,-58.18733350,-32.24750235,-58.18733350,-32.24750235,automatic,,,yes,yes,no,"Calle Pública °, Colón",no_ign_match,,,,,,missing_address_point,missing_address_point
74,71,detail,12 de Abril N° 779 y 783,,21,7,manz+parc,2,,ambiguous_source_components,manz_parc,3,low,ambiguous_match_by_manz_parc,27645,0100010000000021--007--,0100010000000021--007--,matches_source_ncp,0,0,21,7,-58.14671356,-32.22698928,-58.14671356,-32.22698928,automatic,,,yes,yes,no,"12 de Abril 779, Colón",matched_ign,"12 DE ABRIL 779, Colón, Entre Ríos",-58.14645960,-32.22721982,35.04,35.04,verified_close,verified_close
76,73,detail,Calle Pública s/N° (prolongación Calle Alberdi),327,6,3,gru+manz+parc,3,0100010123270006--003--,derived_from_source_gru_manz_parc,gru_manz_parc,1,high,unique_match_by_gru_manz_parc,33754,0100010123270006--003--,0100010123270006--003--,matches_source_ncp,12,327,6,3,-58.16452906,-32.23152360,-58.16452906,-32.23152360,automatic,,,yes,yes,no,"Calle Pública ° prolongación Calle Alberdi, Colón",no_ign_match,,,,,,missing_address_point,missing_address_point
77,74,detail,Alvear N° 154,,67,7,manz+parc,2,0100010000000067--007--,derived_from_source_manz_parc,manz_parc,1,medium,unique_match_by_manz_parc,29017,0100010000000067--007--,0100010000000067--007--,matches_source_ncp,0,0,67,7,-58.14584976,-32.22274695,-58.14584976,-32.22274695,automatic,,,yes,yes,yes,"Alvear 154, Colón",matched_ign,"GRL ALVEAR 154, Colón, Entre Ríos",-58.14561638,-32.22278613,22.38,22.38,verified_close,verified_close
78,75,detail,Noailles Nº 706,,32,20,manz+parc,2,0100010000000032--020--,derived_from_source_manz_parc,manz_parc,1,medium,unique_match_by_manz_parc,27108,0100010000000032--020--,0100010000000032--020--,matches_source_ncp,0,0,32,20,-58.14344094,-32.22816113,-58.14344094,-32.22816113,automatic,,,yes,yes,yes,"Noailles 706, Colón",matched_ign,"GRL NOAILLES 706, Colón, Entre Ríos",-58.14345050,-32.22801994,15.73,15.73,verified_close,verified_close
79,76,detail,Noailles Nº 185,,18,10,manz+parc,2,,ambiguous_source_components,manz_parc,2,low,ambiguous_match_by_manz_parc,28298,0100010000000018--010--,0100010000000018--010--,matches_source_ncp,0,0,18,10,-58.14890743,-32.22487581,-58.14890743,-32.22487581,automatic,,,yes,yes,no,"Noailles 185, Colón",matched_ign,"GRL NOAILLES 185, Colón, Entre Ríos",-58.13512827,-32.22199203,1335.26,1335.26,review_large_gap,review_large_gap
80,77,detail,Bvard. Ferrari Nº 1235,27,311,16,gru+manz+parc,3,0100011020270311--016--,derived_from_source_gru_manz_parc,gru_manz_parc,1,high,unique_match_by_gru_manz_parc,36397,0100011020270311--016--,0100011020270311--016--,matches_source_ncp,102,27,311,16,-58.14993803,-32.23725058,-58.14993803,-32.23725058,automatic,,,yes,yes,yes,"Boulevard Ferrari 1235, Colón",matched_ign,"BV FERRARI 1235, Colón, Entre Ríos",-58.14968749,-32.23748057,34.77,34.77,verified_close,verified_close
81,78,detail,"Ruta Nº 130, km ..",365,,6,gru+parc,2,0100010063650000--006--,derived_from_source_gru_parc,gru_parc,1,medium,unique_match_by_gru_parc,33089,0100010063650000--006--,0100010063650000--006--,matches_source_ncp,6,365,0,6,-58.15392155,-32.21383034,-58.15392155,-32.21383034,automatic,,,yes,yes,no,"Ruta 130, km ., Colón",no_ign_match,,,,,,missing_address_point,missing_address_point
82,79,detail,"San Martín N° 354, 356, y Maipú N° 48",,129,1,manz+parc,2,0100010000000129--001--,derived_from_source_manz_parc,manz_parc,1,medium,unique_match_by_manz_parc,29355,0100010000000129--001--,0100010000000129--001--,matches_source_ncp,0,0,129,1,-58.14037529,-32.22177333,-58.14037529,-32.22177333,automatic,,,yes,yes,yes,"San Martín 354, Colón",matched_ign,"AV SAN MARTIN 354, Colón, Entre Ríos",-58.14034820,-32.22161159,18.16,18.16,verified_close,verified_close
83,80,detail,Castelli N° 511,9584,555,19,gru+manz+parc,3,,no_unique_parcel_inference,none,0,low,no_cadastral_match,,,,missing_components,,,,,,,,,automatic,,,yes,yes,no,"Castelli 511, Colón",matched_ign,"JUAN JOSE CASTELLI 511, Colón, Entre Ríos",-58.13808896,-32.23321285,,,missing_cadastral_point,missing_cadastral_point
84,81,detail,Laprida N° 265,,166,3,manz+parc,2,0100010000000166--003--,derived_from_source_manz_parc,manz_parc,1,medium,unique_match_by_manz_parc,28469,0100010000000166--003--,0100010000000166--003--,matches_source_ncp,0,0,166,3,-58.13392539,-32.22400696,-58.13392539,-32.22400696,automatic,,,yes,yes,yes,"Laprida 265, Colón",matched_ign,"LAPRIDA 265, Colón, Entre Ríos",-58.13372213,-32.22386064,25.11,25.11,verified_close,verified_close
85,82,detail,Conte Grand Nº 529,49,410,17,gru+manz+parc,3,0100011010490410--017--,derived_from_source_gru_manz_parc,gru_manz_parc,1,high,unique_match_by_gru_manz_parc,35923,0100011010490410--017--,0100011010490410--017--,matches_source_ncp,101,49,410,17,-58.15949598,-32.22331183,-58.15949598,-32.22331183,automatic,,,yes,yes,yes,"Conte Grand 529, Colón",matched_ign,"J CONTE GRAND 529, Colón, Entre Ríos",-58.15960818,-32.22345406,19.01,19.01,verified_close,verified_close
86,83,detail,Federico Leloir s/N°,354,,41,gru+parc,2,0100010063540000--041--,derived_from_source_gru_parc,gru_parc,1,medium,unique_match_by_gru_parc,33390,0100010063540000--041--,0100010063540000--041--,matches_source_ncp,6,354,0,41,-58.15981769,-32.21162503,-58.15981769,-32.21162503,automatic,,,yes,yes,no,"Federico Leloir °, Colón",no_ign_match,,,,,,missing_address_point,missing_address_point
87,84,detail,Espinillo N° 1275,355,1,10,gru+manz+parc,3,0100010063550001--010--,derived_from_source_gru_manz_parc,gru_manz_parc,1,high,unique_match_by_gru_manz_parc,33046,0100010063550001--010--,0100010063550001--010--,matches_source_ncp,6,355,1,10,-58.16072278,-32.20814882,-58.16072278,-32.20814882,automatic,,,yes,yes,no,"Espinillo 1275, Colón",no_ign_match,,,,,,missing_address_point,missing_address_point
88,85,detail,9 de Julio Nº 363,,688,11,manz+parc,2,0100010000000688--011--,derived_from_source_manz_parc,manz_parc,1,medium,unique_match_by_manz_parc,30882,0100010000000688--011--,0100010000000688--011--,matches_source_ncp,0,0,688,11,-58.14560226,-32.21744157,-58.14560226,-32.21744157,automatic,,,yes,yes,yes,"9 de Julio 363, Colón",matched_ign,"9 DE JULIO 363, Colón, Entre Ríos",-58.14576400,-32.21762165,25.15,25.15,verified_close,verified_close
89,86,detail,Noailles N° 1202,28,340,13,gru+manz+parc,3,0100011020280340--013--,derived_from_source_gru_manz_parc,gru_manz_parc,1,high,unique_match_by_gru_manz_parc,25335,0100011020280340--013--,0100011020280340--013--,matches_source_ncp,102,28,340,13,-58.15174078,-32.23493937,-58.15174078,-32.23493937,automatic,,,yes,yes,yes,"Noailles 1202, Colón",matched_ign,"GRL NOAILLES 1202, Colón, Entre Ríos",-58.15242541,-32.23445472,83.97,83.97,verified_nearby,verified_nearby
90,87,detail,Alberdi Nº 960,,458,1,manz+parc,2,0100010000000458--001--,derived_from_source_manz_parc,manz_parc,1,medium,unique_match_by_manz_parc,28011,0100010000000458--001--,0100010000000458--001--,matches_source_ncp,0,0,458,1,-58.15292508,-32.22628208,-58.15292508,-32.22628208,automatic,,,yes,yes,yes,"Alberdi 960, Colón",matched_ign,"ALBERDI 960, Colón, Entre Ríos",-58.15314728,-32.22582234,55.23,55.23,verified_close,verified_close
91,88,detail,Monteagudo N° 68,,23,10,manz+parc,2,0100010000000023--010--,derived_from_source_manz_parc,manz_parc,1,medium,unique_match_by_manz_parc,27172,0100010000000023--010--,0100010000000023--010--,matches_source_ncp,0,0,23,10,-58.14599186,-32.22806752,-58.14599186,-32.22806752,automatic,,,yes,yes,yes,"Monteagudo 68, Colón",matched_ign,"MONTEAGUDO 68, Colón, Entre Ríos",-58.14614106,-32.22815627,17.16,17.16,verified_close,verified_close
92,89,detail,Los Charrúas s/Nº - San Juan I,,13,7,manz+parc,2,,ambiguous_source_components,manz_parc,4,low,ambiguous_match_by_manz_parc,28608,0100010000000013--007--,0100010000000013--007--,matches_source_ncp,0,0,13,7,-58.15086937,-32.22386737,-58.15086937,-32.22386737,automatic,,,yes,yes,no,"Los Charrúas º, Colón",no_ign_match,,,,,,missing_address_point,missing_address_point
93,90,detail,F. Creppy Nº 469 esq. Juan Villalba N° 744,,561,27,manz+parc,2,0100010000000561--027--,derived_from_source_manz_parc,manz_parc,1,medium,unique_match_by_manz_parc,30157,0100010000000561--027--,0100010000000561--027--,matches_source_ncp,0,0,561,27,-58.15260482,-32.21981711,-58.15260482,-32.21981711,automatic,,,yes,yes,yes,"Creppy 469, Colón",matched_ign,"FRANCISCO CREPPY 469, Colón, Entre Ríos",-58.15271185,-32.21998526,21.24,21.24,verified_close,verified_close
94,91,detail,"Lantelme Nº 321, 323 e/ Mitre y Bvard Ferrari",16,290,1,gru+manz+parc,3,0100011020160290--001--,derived_from_source_gru_manz_parc,gru_manz_parc,1,high,unique_match_by_gru_manz_parc,32853,0100011020160290--001--,0100011020160290--001--,matches_source_ncp,102,16,290,1,-58.15069174,-32.23732631,-58.15069174,-32.23732631,automatic,,,yes,yes,yes,"Lantelme 321, Colón",matched_ign,"LANTELME 321, Colón, Entre Ríos",-58.15036268,-32.23725068,32.07,32.07,verified_close,verified_close
95,92,detail,Los Cardos s/Nº e/ Brovatti y Calle Pública,272,,3,gru+parc,2,0100010052720000--003--,derived_from_source_gru_parc,gru_parc,1,medium,unique_match_by_gru_parc,29515,0100010052720000--003--,0100010052720000--003--,matches_source_ncp,5,272,0,3,-58.18161223,-32.22470432,-58.18161223,-32.22470432,automatic,,,yes,yes,no,"Los Cardos º e/ Brovatti y Calle Pública, Colón",no_ign_match,,,,,,missing_address_point,missing_address_point
96,93,detail,"Laprida Nº 118, 124",,188,12,manz+parc,2,0100010000000188--012--,derived_from_source_manz_parc,manz_parc,1,medium,unique_match_by_manz_parc,29391,0100010000000188--012--,0100010000000188--012--,matches_source_ncp,0,0,188,12,-58.13546272,-32.22166860,-58.13546272,-32.22166860,automatic,,,yes,yes,yes,"Laprida 118, Colón",matched_ign,"LAPRIDA 118, Colón, Entre Ríos",-58.13581469,-32.22172079,33.61,33.61,verified_close,verified_close
97,94,detail,Gouchòn Nº 636 y 672,,47,19,manz+parc,2,0100010000000047--019--,derived_from_source_manz_parc,manz_parc,1,medium,unique_match_by_manz_parc,28570,0100010000000047--019--,0100010000000047--019--,matches_source_ncp,0,0,47,19,-58.14661626,-32.22397950,-58.14661626,-32.22397950,automatic,,,yes,yes,yes,"Gouchòn 636, Colón",matched_ign,"EMILIO GOUCHON 636, Colón, Entre Ríos",-58.14618429,-32.22327399,88.35,88.35,verified_nearby,verified_nearby
98,95,detail,"Alberdi N° 1218, 1224",,322,3,manz+parc,2,0100010000000322--003--,derived_from_source_manz_parc,manz_parc,1,medium,unique_match_by_manz_parc,26717,0100010000000322--003--,0100010000000322--003--,matches_source_ncp,0,0,322,3,-58.15780142,-32.22942903,-58.15780142,-32.22942903,automatic,,,yes,yes,yes,"Alberdi 1218, Colón",matched_ign,"ALBERDI 1218, Colón, Entre Ríos",-58.15759616,-32.22902424,48.98,48.98,verified_close,verified_close
99,96,detail,San Martín N° 1038,,427,15,manz+parc,2,0100010000000427--015--,derived_from_source_manz_parc,manz_parc,1,medium,unique_match_by_manz_parc,26482,0100010000000427--015--,0100010000000427--015--,matches_source_ncp,0,0,427,15,-58.15145039,-32.22978568,-58.15145039,-32.22978568,automatic,,,yes,yes,yes,"San Martín 1038, Colón",matched_ign,"AV SAN MARTIN 1038, Colón, Entre Ríos",-58.15162545,-32.22969794,19.14,19.14,verified_close,verified_close
100,97,detail,Madres y Abuelas de Plaza de Mayo s/N°,341,1,3,gru+manz+parc,3,0100010063410001--003--,derived_from_source_gru_manz_parc,gru_manz_parc,1,high,unique_match_by_gru_manz_parc,36428,0100010063410001--003--,0100010063410001--003--,matches_source_ncp,6,341,1,3,-58.16033219,-32.21567594,-58.16033219,-32.21567594,automatic,,,yes,yes,no,"Madres y Abuelas de Plaza de Mayo °, Colón",no_ign_match,,,,,,missing_address_point,missing_address_point
101,98,detail,Primeros Colonos s/N°,331,5,3,gru+manz+parc,3,0100010063310005--003--,derived_from_source_gru_manz_parc,gru_manz_parc,1,high,unique_match_by_gru_manz_parc,36061,0100010063310005--003--,0100010063310005--003--,matches_source_ncp,6,331,5,3,-58.17164852,-32.20916405,-58.17164852,-32.20916405,automatic,,,yes,yes,no,"Primeros Colonos °, Colón",no_ign_match,,,,,,missing_address_point,missing_address_point
102,99,detail,Martín Reibel N° 411,,112,8,manz+parc,2,0100010000000112--008--,derived_from_source_manz_parc,manz_parc,1,medium,unique_match_by_manz_parc,28087,0100010000000112--008--,0100010000000112--008--,matches_source_ncp,0,0,112,8,-58.13844945,-32.22540535,-58.13844945,-32.22540535,automatic,,,yes,yes,yes,"Martín Reibel 411, Colón",matched_ign,"MARTIN REIBEL 411, Colón, Entre Ríos",-58.13820734,-32.22550195,25.18,25.18,verified_close,verified_close
103,100,detail,Calle Privada s/Nº - Los Bretes,3,2,1,gru+manz+parc,3,0100010170030002--001--,derived_from_source_gru_manz_parc,gru_manz_parc,1,high,unique_match_by_gru_manz_parc,33187,0100010170030002--001--,0100010170030002--001--,matches_source_ncp,17,3,2,1,-58.13571270,-32.24488486,-58.13571270,-32.24488486,automatic,,,yes,yes,no,"Calle Privada º, Colón",no_ign_match,,,,,,missing_address_point,missing_address_point
104,101,detail,Piamonte N° 332 e/ Mitre y Ferrari,,311,12,manz+parc,2,0100011020270311--012--,derived_from_source_manz_parc,manz_parc,1,medium,unique_match_by_manz_parc,34750,0100011020270311--012--,0100011020270311--012--,matches_source_ncp,102,27,311,12,-58.15015337,-32.23717489,-58.15015337,-32.23717489,automatic,,,yes,yes,yes,"Ferrari 332, Colón",matched_ign,"BV FERRARI 332, Colón, Entre Ríos",-58.13463887,-32.22667116,1869.13,1869.13,review_large_gap,review_large_gap
105,102,detail,Andrade N° 266,,138,15,manz+parc,2,0100010000000138--015--,derived_from_source_manz_parc,manz_parc,1,medium,unique_match_by_manz_parc,28056,0100010000000138--015--,0100010000000138--015--,matches_source_ncp,0,0,138,15,-58.13613959,-32.22549388,-58.13613959,-32.22549388,automatic,,,yes,yes,yes,"Andrade 266, Colón",matched_ign,"OLEGARIO V ANDRADE 266, Colón, Entre Ríos",-58.13623989,-32.22567862,22.60,22.60,verified_close,verified_close
106,103,detail,Calle Privada s/Nº - Los Bretes,3,1,11,gru+manz+parc,3,0100010170030001--011--,derived_from_source_gru_manz_parc,gru_manz_parc,1,high,unique_match_by_gru_manz_parc,33179,0100010170030001--011--,0100010170030001--011--,matches_source_ncp,17,3,1,11,-58.13125724,-32.24208735,-58.13125724,-32.24208735,automatic,,,yes,yes,no,"Calle Privada º, Colón",no_ign_match,,,,,,missing_address_point,missing_address_point
107,104,detail,Chacabuco Nº 255,,153,2,manz+parc,2,0100010000000153--002--,derived_from_source_manz_parc,manz_parc,1,medium,unique_match_by_manz_parc,30739,0100010000000153--002--,0100010000000153--002--,matches_source_ncp,0,0,153,2,-58.14141762,-32.21821454,-58.14141762,-32.21821454,automatic,,,yes,yes,yes,"Chacabuco 255, Colón",matched_ign,"CHACABUCO 255, Colón, Entre Ríos",-58.14085904,-32.21824756,52.68,52.68,verified_close,verified_close
108,105,detail,Isabel Ortega s/N°,354,4,9,gru+manz+parc,3,0100010063540004--009--,derived_from_source_gru_manz_parc,gru_manz_parc,1,high,unique_match_by_gru_manz_parc,37120,0100010063540004--009--,0100010063540004--009--,matches_source_ncp,6,354,4,9,-58.16038875,-32.21267180,-58.16038875,-32.21267180,automatic,,,yes,yes,no,"Isabel Ortega °, Colón",no_ign_match,,,,,,missing_address_point,missing_address_point
109,106,detail,Calle Algarrobo s/N°,292,,25,gru+parc,2,0100010112920000--025--,derived_from_source_gru_parc,gru_parc,1,medium,unique_match_by_gru_parc,36987,0100010112920000--025--,0100010112920000--025--,matches_source_ncp,11,292,0,25,-58.17264104,-32.22915323,-58.17264104,-32.22915323,automatic,,,yes,yes,no,"Calle Algarrobo °, Colón",no_ign_match,,,,,,missing_address_point,missing_address_point
110,107,detail,Andrade Nº 377,,687,3,manz+parc,2,0100010000000687--003--,derived_from_source_manz_parc,manz_parc,1,medium,unique_match_by_manz_parc,27439,0100010000000687--003--,0100010000000687--003--,matches_source_ncp,0,0,687,3,-58.13492907,-32.22743851,-58.13492907,-32.22743851,automatic,,,yes,yes,yes,"Andrade 377, Colón",matched_ign,"OLEGARIO V ANDRADE 377, Colón, Entre Ríos",-58.13466543,-32.22740745,25.04,25.04,verified_close,verified_close
111,108,detail,Monteagudo Nº 298,,27,8,manz+parc,2,0100010000000027--008--,derived_from_source_manz_parc,manz_parc,1,medium,unique_match_by_manz_parc,25969,0100010000000027--008--,0100010000000027--008--,matches_source_ncp,0,0,27,8,-58.14291992,-32.23109869,-58.14291992,-32.23109869,automatic,,,yes,yes,yes,"Monteagudo 298, Colón",matched_ign,"MONTEAGUDO 298, Colón, Entre Ríos",-58.14294664,-32.23132942,25.78,25.78,verified_close,verified_close
112,109,detail,Juan Manuel de Rosas s/Nº,274,0,15,gru+manz+parc,3,0100010052740000--015--,derived_from_source_gru_manz_parc,gru_manz_parc,1,high,unique_match_by_gru_manz_parc,36671,0100010052740000--015--,0100010052740000--015--,matches_source_ncp,5,274,0,15,-58.18553880,-32.21822391,-58.18553880,-32.21822391,automatic,,,yes,yes,no,"Juan Manuel de Rosas º, Colón",no_ign_match,,,,,,missing_address_point,missing_address_point
113,110,detail,Salta N° 331,,43,14,manz+parc,2,0100010000000043--014--,derived_from_source_manz_parc,manz_parc,1,medium,unique_match_by_manz_parc,29803,0100010000000043--014--,0100010000000043--014--,matches_source_ncp,0,0,43,14,-58.14959583,-32.22126971,-58.14959583,-32.22126971,automatic,,,yes,yes,yes,"Salta 331, Colón",matched_ign,"SALTA 331, Colón, Entre Ríos",-58.14982148,-32.22147172,30.91,30.91,verified_close,verified_close
114,111,detail,M. Moreno N° 1119,,370,9,manz+parc,2,0100010000000370--009--,derived_from_source_manz_parc,manz_parc,1,medium,unique_match_by_manz_parc,32178,0100010000000370--009--,0100010000000370--009--,matches_source_ncp,0,0,370,9,-58.15151335,-32.23226086,-58.15151335,-32.23226086,automatic,,,yes,yes,yes,"Mariano Moreno 1119, Colón",matched_ign,"MARIANO MORENO 1119, Colón, Entre Ríos",-58.15123507,-32.23242130,31.68,31.68,verified_close,verified_close
115,112,detail,Sourigues N° 166,,98,4,manz+parc,2,0100010000000098--004--,derived_from_source_manz_parc,manz_parc,1,medium,unique_match_by_manz_parc,33963,0100010000000098--004--,0100010000000098--004--,matches_source_ncp,0,0,98,4,-58.14404338,-32.22120948,-58.14404338,-32.22120948,automatic,,,yes,yes,yes,"Sourigues 166, Colón",matched_ign,"SOURIGUES 166, Colón, Entre Ríos",-58.14371893,-32.22112105,32.07,32.07,verified_close,verified_close
116,113,detail,Chañar esq Carlos Saavedra Lamas S/Nº,355,8,8,gru+manz+parc,3,0100010063550008--008--,derived_from_source_gru_manz_parc,gru_manz_parc,1,high,unique_match_by_gru_manz_parc,33078,0100010063550008--008--,0100010063550008--008--,matches_source_ncp,6,355,8,8,-58.16122374,-32.20988546,-58.16122374,-32.20988546,automatic,,,yes,yes,no,"Chañar esq Carlos Saavedra Lamas º, Colón",no_ign_match,,,,,,missing_address_point,missing_address_point
117,114,detail,Ramírez Nº 421,,544,15,manz+parc,2,0100010000000544--015--,derived_from_source_manz_parc,manz_parc,1,medium,unique_match_by_manz_parc,29719,0100010000000544--015--,0100010000000544--015--,matches_source_ncp,0,0,544,15,-58.15271323,-32.22109503,-58.15271323,-32.22109503,automatic,,,yes,yes,yes,"Ramírez 421, Colón",matched_ign,"RAMIREZ 421, Colón, Entre Ríos",-58.15290761,-32.22134012,32.82,32.82,verified_close,verified_close
118,115,detail,Calle Privada s/N° - Los Bretes,3,7,24,gru+manz+parc,3,0100010170030007--024--,derived_from_source_gru_manz_parc,gru_manz_parc,1,high,unique_match_by_gru_manz_parc,36244,0100010170030007--024--,0100010170030007--024--,matches_source_ncp,17,3,7,24,-58.13026642,-32.24468388,-58.13026642,-32.24468388,automatic,,,yes,yes,no,"Calle Privada °, Colón",no_ign_match,,,,,,missing_address_point,missing_address_point
119,116,detail,Lote interno,291,44,6,gru+manz+parc,3,0100010000000044--006--,derived_from_source_manz_parc,manz_parc,1,medium,unique_match_by_manz_parc,31962,0100010000000044--006--,0100010000000044--006--,matches_source_ncp,0,0,44,6,-58.14840643,-32.22212352,-58.14840643,-32.22212352,automatic,,,yes,yes,no,"Lote interno, Colón",no_ign_match,,,,,,missing_address_point,missing_address_point
120,117,detail,Calle Alberdi s/Nº esq. Brovatti,291,,4,gru+parc,2,0100010112910000--004--,derived_from_source_gru_parc,gru_parc,1,medium,unique_match_by_gru_parc,25813,0100010112910000--004--,0100010112910000--004--,matches_source_ncp,11,291,0,4,-58.17507078,-32.23480687,-58.17507078,-32.23480687,automatic,,,yes,yes,no,"Calle Alberdi º esq. Brovatti, Colón",no_ign_match,,,,,,missing_address_point,missing_address_point
121,118,detail,Artigas s/Nº,,684,,manz,1,,no_unique_parcel_inference,none,0,low,no_cadastral_match,,,,missing_components,,,,,,,,,automatic,,,yes,yes,no,"Artigas º, Colón",no_ign_match,,,,,,missing_both_points,missing_both_points
122,119,detail,Karai Yamandú s/N°,292,,21,gru+parc,2,0100010112920000--021--,derived_from_source_gru_parc,gru_parc,1,medium,unique_match_by_gru_parc,36961,0100010112920000--021--,0100010112920000--021--,matches_source_ncp,11,292,0,21,-58.17313744,-32.22931426,-58.17313744,-32.22931426,automatic,,,yes,yes,no,"Karai Yamandú °, Colón",no_ign_match,,,,,,missing_address_point,missing_address_point
123,120,detail,Arrayane s/Nº,326,3,,gru+manz,2,,no_unique_parcel_inference,none,0,low,no_cadastral_match,,,,missing_components,,,,,,,,,automatic,,,yes,yes,no,"Arrayane º, Colón",no_ign_match,,,,,,missing_both_points,missing_both_points
124,121,detail,Chajá s/Nº,225,3,5,gru+manz+parc,3,0100010112250003--005--,derived_from_source_gru_manz_parc,gru_manz_parc,1,high,unique_match_by_gru_manz_parc,35333,0100010112250003--005--,0100010112250003--005--,matches_source_ncp,11,225,3,5,-58.18797918,-32.24829534,-58.18797918,-32.24829534,automatic,,,yes,yes,no,"Chajá º, Colón",no_ign_match,,,,,,missing_address_point,missing_address_point
125,122,detail,Alvear Nº 21,,77,12,manz+parc,2,0100010000000077--012--,derived_from_source_manz_parc,manz_parc,1,medium,unique_match_by_manz_parc,28367,0100010000000077--012--,0100010000000077--012--,matches_source_ncp,0,0,77,12,-58.14355310,-32.22454477,-58.14355310,-32.22454477,automatic,,,yes,yes,yes,"Alvear 21, Colón",matched_ign,"GRL ALVEAR 21, Colón, Entre Ríos",-58.14372055,-32.22471491,24.62,24.62,verified_close,verified_close
126,123,detail,Juan Antonio Fernández s/Nº - San Juan I,111,10,1,gru+manz+parc,3,0100010151110010--001--,derived_from_source_gru_manz_parc,gru_manz_parc,1,high,unique_match_by_gru_manz_parc,35071,0100010151110010--001--,0100010151110010--001--,matches_source_ncp,15,111,10,1,-58.20770093,-32.26977181,-58.20770093,-32.26977181,automatic,,,yes,yes,no,"Juan Antonio Fernández º, Colón",no_ign_match,,,,,,missing_address_point,missing_address_point
127,124,detail,Calle Artalaz s/N°,341,2,5,gru+manz+parc,3,0100010063410002--005--,derived_from_source_gru_manz_parc,gru_manz_parc,1,high,unique_match_by_gru_manz_parc,36381,0100010063410002--005--,0100010063410002--005--,matches_source_ncp,6,341,2,5,-58.16176832,-32.21573050,-58.16176832,-32.21573050,automatic,,,yes,yes,no,"Calle Artalaz °, Colón",no_ign_match,,,,,,missing_address_point,missing_address_point
128,125,detail,Calle Pública s/Nº,227,3,2,gru+manz+parc,3,0100010112270003--002--,derived_from_source_gru_manz_parc,gru_manz_parc,1,high,unique_match_by_gru_manz_parc,33307,0100010112270003--002--,0100010112270003--002--,matches_source_ncp,11,227,3,2,-58.18966611,-32.23864996,-58.18966611,-32.23864996,automatic,,,yes,yes,no,"Calle Pública º, Colón",no_ign_match,,,,,,missing_address_point,missing_address_point
129,126,detail,Salsipuedes s/N°,327,6,1,gru+manz+parc,3,0100010123270006--001--,derived_from_source_gru_manz_parc,gru_manz_parc,1,high,unique_match_by_gru_manz_parc,33750,0100010123270006--001--,0100010123270006--001--,matches_source_ncp,12,327,6,1,-58.16428446,-32.23148964,-58.16428446,-32.23148964,automatic,,,yes,yes,no,"Salsipuedes °, Colón",no_ign_match,,,,,,missing_address_point,missing_address_point
130,127,detail,Batalla de Cepeda Nº 236,,756,16,manz+parc,2,0100010000000756--016--,derived_from_source_manz_parc,manz_parc,1,medium,unique_match_by_manz_parc,31794,0100010000000756--016--,0100010000000756--016--,matches_source_ncp,0,0,756,16,-58.14699814,-32.21152708,-58.14699814,-32.21152708,automatic,,,yes,yes,yes,"Batalla de Cepeda 236, Colón",matched_ign,"BATALLA DE CEPEDA 236, Colón, Entre Ríos",-58.14712557,-32.21140369,18.22,18.22,verified_close,verified_close
131,128,detail,"Chacabuco N° 1240, 1244",,321,6,manz+parc,2,0100010000000321--006--,derived_from_source_manz_parc,manz_parc,1,medium,unique_match_by_manz_parc,32599,0100010000000321--006--,0100010000000321--006--,matches_source_ncp,0,0,321,6,-58.15720154,-32.23012051,-58.15720154,-32.23012051,automatic,,,yes,yes,yes,"Chacabuco 1240, Colón",matched_ign,"CHACABUCO 1240, Colón, Entre Ríos",-58.15729229,-32.23003269,12.97,12.97,verified_close,verified_close
132,129,detail,Salsipuedes N° 288,327,6,1,gru+manz+parc,3,0100010123270006--001--,derived_from_source_gru_manz_parc,gru_manz_parc,1,high,unique_match_by_gru_manz_parc,33750,0100010123270006--001--,0100010123270006--001--,matches_source_ncp,12,327,6,1,-58.16428446,-32.23148964,-58.16428446,-32.23148964,automatic,,,yes,yes,no,"Salsipuedes 288, Colón",no_ign_match,,,,,,missing_address_point,missing_address_point
133,130,detail,Noailles N° 580,,79,16,manz+parc,2,0100010000000079--016--,derived_from_source_manz_parc,manz_parc,1,medium,unique_match_by_manz_parc,27720,0100010000000079--016--,0100010000000079--016--,matches_source_ncp,0,0,79,16,-58.14130004,-32.22667018,-58.14130004,-32.22667018,automatic,,,yes,yes,yes,"Noailles 580, Colón",matched_ign,"GRL NOAILLES 580, Colón, Entre Ríos",-58.14144831,-32.22659042,16.53,16.53,verified_close,verified_close
134,131,detail,Chacabuco Nº 1131,,376,23,manz+parc,2,0100010000000376--023--,derived_from_source_manz_parc,manz_parc,1,medium,unique_match_by_manz_parc,27039,0100010000000376--023--,0100010000000376--023--,matches_source_ncp,0,0,376,23,-58.15552178,-32.22850771,-58.15552178,-32.22850771,automatic,,,yes,yes,yes,"Chacabuco 1131, Colón",matched_ign,"CHACABUCO 1131, Colón, Entre Ríos",-58.15536247,-32.22865850,22.49,22.49,verified_close,verified_close
135,132,detail,Roberto Román Faravello Nº 331 - Plano 68 Viv-Depto 50,,378,14,manz+parc,2,0100010000000378--014--,derived_from_source_manz_parc,manz_parc,1,medium,unique_match_by_manz_parc,32212,0100010000000378--014--,0100010000000378--014--,matches_source_ncp,0,0,378,14,-58.15705821,-32.22659357,-58.15705821,-32.22659357,automatic,,,yes,yes,no,"Roberto Román Faravello 331, Colón",no_ign_match,,,,,,missing_address_point,missing_address_point
136,133,detail,Calle Privada s/N° - Los Bretes,3,4,30,gru+manz+parc,3,0100010170030004--030--,derived_from_source_gru_manz_parc,gru_manz_parc,1,high,unique_match_by_gru_manz_parc,36187,0100010170030004--030--,0100010170030004--030--,matches_source_ncp,17,3,4,30,-58.13255361,-32.24444272,-58.13255361,-32.24444272,automatic,,,yes,yes,no,"Calle Privada °, Colón",no_ign_match,,,,,,missing_address_point,missing_address_point
137,134,detail,Sourigues Nº 166,,98,4,manz+parc,2,0100010000000098--004--,derived_from_source_manz_parc,manz_parc,1,medium,unique_match_by_manz_parc,33963,0100010000000098--004--,0100010000000098--004--,matches_source_ncp,0,0,98,4,-58.14404338,-32.22120948,-58.14404338,-32.22120948,automatic,,,yes,yes,yes,"Sourigues 166, Colón",matched_ign,"SOURIGUES 166, Colón, Entre Ríos",-58.14371893,-32.22112105,32.07,32.07,verified_close,verified_close
138,135,detail,"Ruta 130, km",355,14,9,gru+manz+parc,3,0100010063550014--009--,derived_from_source_gru_manz_parc,gru_manz_parc,1,high,unique_match_by_gru_manz_parc,35417,0100010063550014--009--,0100010063550014--009--,matches_source_ncp,6,355,14,9,-58.15983712,-32.20690760,-58.15983712,-32.20690760,automatic,,,yes,yes,no,"Ruta 130, km, Colón",no_ign_match,,,,,,missing_address_point,missing_address_point
139,136,detail,Hedda Beatriz Bachini N° 278,327,,4,gru+parc,2,,ambiguous_source_components,gru_parc,11,low,ambiguous_match_by_gru_parc,33282,0100010123270002--004--,0100010123270002--004--,matches_source_ncp,12,327,2,4,-58.15997171,-32.22981747,-58.15997171,-32.22981747,automatic,,,yes,yes,no,"Hedda Beatriz Bachini 278, Colón",no_ign_match,,,,,,missing_address_point,missing_address_point
140,137,detail,Avda Urquiza N° 752,,23,1,manz+parc,2,,ambiguous_source_components,manz_parc,2,low,ambiguous_match_by_manz_parc,24511,0100011030000023--001--,0100011030000023--001--,matches_source_ncp,103,0,23,1,-58.23525693,-32.29641939,-58.23525693,-32.29641939,automatic,,,yes,yes,no,"Urquiza 752, Colón",matched_ign,"GRL URQUIZA 752, Colón, Entre Ríos",-58.14547097,-32.22735051,11413.09,11413.09,review_large_gap,review_large_gap
141,138,detail,Hedda Beatriz Bachini s/N°,327,3,17,gru+manz+parc,3,0100010123270003--017--,derived_from_source_gru_manz_parc,gru_manz_parc,1,high,unique_match_by_gru_manz_parc,34989,0100010123270003--017--,0100010123270003--017--,matches_source_ncp,12,327,3,17,-58.16165746,-32.23058872,-58.16165746,-32.23058872,automatic,,,yes,yes,no,"Hedda Beatriz Bachini °, Colón",no_ign_match,,,,,,missing_address_point,missing_address_point
142,139,detail,Sourigues Nº 184,,98,23,manz+parc,2,0100010000000098--023--,derived_from_source_manz_parc,manz_parc,1,medium,unique_match_by_manz_parc,33969,0100010000000098--023--,0100010000000098--023--,matches_source_ncp,0,0,98,23,-58.14424661,-32.22092434,-58.14424661,-32.22092434,automatic,,,yes,yes,yes,"Sourigues 184, Colón",matched_ign,"SOURIGUES 184, Colón, Entre Ríos",-58.14398687,-32.22085282,25.70,25.70,verified_close,verified_close
143,140,detail,Echanis s/N° - Colonia Hugues,,21,3,manz+parc,2,,ambiguous_source_components,manz_parc,3,low,ambiguous_match_by_manz_parc,27744,0100010000000021--003--,0100010000000021--003--,matches_source_ncp,0,0,21,3,-58.14638415,-32.22664467,-58.14638415,-32.22664467,automatic,,,yes,yes,no,"Echanis °, Colón",no_ign_match,,,,,,missing_address_point,missing_address_point
144,141,detail,San Martìn Nº 1180,,344,15,manz+parc,2,0100010000000344--015--,derived_from_source_manz_parc,manz_parc,1,medium,unique_match_by_manz_parc,32609,0100010000000344--015--,0100010000000344--015--,matches_source_ncp,0,0,344,15,-58.15379775,-32.23161393,-58.15379775,-32.23161393,automatic,,,yes,yes,yes,"San Martìn 1180, Colón",matched_ign,"AV SAN MARTIN 1180, Colón, Entre Ríos",-58.15408955,-32.23145852,32.43,32.43,verified_close,verified_close
145,142,detail,Timbo N°,310,4,6,gru+manz+parc,3,0100010113100004--006--,derived_from_source_gru_manz_parc,gru_manz_parc,1,high,unique_match_by_gru_manz_parc,33323,0100010113100004--006--,0100010113100004--006--,matches_source_ncp,11,310,4,6,-58.16934589,-32.23193227,-58.16934589,-32.23193227,automatic,,,yes,yes,no,"Timbo, Colón",no_ign_match,,,,,,missing_address_point,missing_address_point
146,143,detail,Tala s/Nº - Barrio Uruguay-I,223,1,3,gru+manz+parc,3,0100010162230001--003--,derived_from_source_gru_manz_parc,gru_manz_parc,1,high,unique_match_by_gru_manz_parc,33252,0100010162230001--003--,0100010162230001--003--,matches_source_ncp,16,223,1,3,-58.18275533,-32.25403012,-58.18275533,-32.25403012,automatic,,,yes,yes,no,"Tala º, Colón",no_ign_match,,,,,,missing_address_point,missing_address_point
147,146,detail,Chacabuco N° 425,,120,9,manz+parc,2,0100010000000120--009--,derived_from_source_manz_parc,manz_parc,1,medium,unique_match_by_manz_parc,29973,0100010000000120--009--,0100010000000120--009--,matches_source_ncp,0,0,120,9,-58.14396307,-32.22021339,-58.14396307,-32.22021339,automatic,,,yes,yes,yes,"Chacabuco 425, Colón",matched_ign,"CHACABUCO 425, Colón, Entre Ríos",-58.14377373,-32.22031634,21.17,21.17,verified_close,verified_close
148,145,detail,M. Reibel N° 715,,32,8,manz+parc,2,0100010000000032--008--,derived_from_source_manz_parc,manz_parc,1,medium,unique_match_by_manz_parc,26884,0100010000000032--008--,0100010000000032--008--,matches_source_ncp,0,0,32,8,-58.14290941,-32.22863520,-58.14290941,-32.22863520,automatic,,,yes,yes,yes,"Reibel 715, Colón",matched_ign,"MARTIN REIBEL 715, Colón, Entre Ríos",-58.14287083,-32.22885891,25.14,25.14,verified_close,verified_close
149,147,detail,Bvard Ferrari N° 757 esq. Leguizamón,,28,5,manz+parc,2,,ambiguous_source_components,manz_parc,2,low,ambiguous_match_by_manz_parc,25898,0100010000000028--005--,0100010000000028--005--,matches_source_ncp,0,0,28,5,-58.14168694,-32.23134712,-58.14168694,-32.23134712,automatic,,,yes,yes,no,"Boulevard Ferrari 757, Colón",matched_ign,"BV FERRARI 757, Colón, Entre Ríos",-58.14146381,-32.23147835,25.56,25.56,verified_close,verified_close
150,148,detail,Leguizamón N° 119,,24,4,manz+parc,2,0100010000000024--004--,derived_from_source_manz_parc,manz_parc,1,medium,unique_match_by_manz_parc,27070,0100010000000024--004--,0100010000000024--004--,matches_source_ncp,0,0,24,4,-58.14486520,-32.22834178,-58.14486520,-32.22834178,automatic,,,yes,yes,yes,"Leguizamón 119, Colón",matched_ign,"MARTINIANO LEGUIZAMON 119, Colón, Entre Ríos",-58.14466160,-32.22813089,30.28,30.28,verified_close,verified_close
151,149,detail,"Balcarce N° 331, 332",,151,13,manz+parc,2,0100010000000151--013--,derived_from_source_manz_parc,manz_parc,1,medium,unique_match_by_manz_parc,31048,0100010000000151--013--,0100010000000151--013--,matches_source_ncp,0,0,151,13,-58.14332285,-32.21675350,-58.14332285,-32.21675350,automatic,,,yes,yes,yes,"Balcarce 331, Colón",matched_ign,"BALCARCE 331, Colón, Entre Ríos",-58.14351435,-32.21693498,27.05,27.05,verified_close,verified_close
152,151,detail,Balcarce Nº 34,,144,2,manz+parc,2,0100010000000144--002--,derived_from_source_manz_parc,manz_parc,1,medium,unique_match_by_manz_parc,29537,0100010000000144--002--,0100010000000144--002--,matches_source_ncp,0,0,144,2,-58.13946245,-32.22132892,-58.13946245,-32.22132892,automatic,,,yes,yes,yes,"Balcarce 34, Colón",matched_ign,"BALCARCE 34, Colón, Entre Ríos",-58.13924071,-32.22119634,25.54,25.54,verified_close,verified_close
153,144,detail,"Ruta Nac. N° 130, km ..",354,,8,gru+parc,2,,ambiguous_source_components,gru_parc,3,low,ambiguous_match_by_gru_parc,31895,0100010063540000--008--,0100010063540000--008--,matches_source_ncp,6,354,0,8,-58.15753467,-32.21051904,-58.15753467,-32.21051904,automatic,,,yes,yes,no,"Ruta Nac. 130, km ., Colón",no_ign_match,,,,,,missing_address_point,missing_address_point
154,156,detail,Calle Privada Ibirapitá s/Nº - Los Bretes,3,1,22,gru+manz+parc,3,0100010170030001--022--,derived_from_source_gru_manz_parc,gru_manz_parc,1,high,unique_match_by_gru_manz_parc,34566,0100010170030001--022--,0100010170030001--022--,matches_source_ncp,17,3,1,22,-58.13339575,-32.24281054,-58.13339575,-32.24281054,automatic,,,yes,yes,no,"Calle Privada Ibirapitá º, Colón",no_ign_match,,,,,,missing_address_point,missing_address_point
155,158,detail,"Alberdi N.º 102, 112 esq. Belgrano",,204,1,manz+parc,2,0100010000000204--001--,derived_from_source_manz_parc,manz_parc,1,medium,unique_match_by_manz_parc,31250,0100010000000204--001--,0100010000000204--001--,matches_source_ncp,0,0,204,1,-58.13904273,-32.21587270,-58.13904273,-32.21587270,automatic,,,yes,yes,yes,"Alberdi 102, Colón",matched_ign,"ALBERDI 102, Colón, Entre Ríos",-58.13902124,-32.21564255,25.67,25.67,verified_close,verified_close
156,164,detail,"Sarmiento 539, 541",,754,16,manz+parc,2,0100010000000754--016--,derived_from_source_manz_parc,manz_parc,1,medium,unique_match_by_manz_parc,31633,0100010000000754--016--,0100010000000754--016--,matches_source_ncp,0,0,754,16,-58.14554522,-32.21307824,-58.14554522,-32.21307824,automatic,,,yes,yes,yes,"Sarmiento 539, Colón",matched_ign,"SARMIENTO 539, Colón, Entre Ríos",-58.14576255,-32.21318771,23.80,23.80,verified_close,verified_close
157,159,detail,Calle Pública s/Nº,327,5,1,gru+manz+parc,3,0100010123270005--001--,derived_from_source_gru_manz_parc,gru_manz_parc,1,high,unique_match_by_gru_manz_parc,33748,0100010123270005--001--,0100010123270005--001--,matches_source_ncp,12,327,5,1,-58.16326041,-32.23081805,-58.16326041,-32.23081805,automatic,,,yes,yes,no,"Calle Pública º, Colón",no_ign_match,,,,,,missing_address_point,missing_address_point
158,163,detail,Calle Pública s/Nº,310,2,34,gru+manz+parc,3,0100010113100002--034--,derived_from_source_gru_manz_parc,gru_manz_parc,1,high,unique_match_by_gru_manz_parc,37074,0100010113100002--034--,0100010113100002--034--,matches_source_ncp,11,310,2,34,-58.16852960,-32.22915306,-58.16852960,-32.22915306,automatic,,,yes,yes,no,"Calle Pública º, Colón",no_ign_match,,,,,,missing_address_point,missing_address_point
159,154,detail,Ñandubay esq Saavedra s/N° - Barrio Blanc,355,6,1,gru+manz+parc,3,0100010063550006--001--,derived_from_source_gru_manz_parc,gru_manz_parc,1,high,unique_match_by_gru_manz_parc,33055,0100010063550006--001--,0100010063550006--001--,matches_source_ncp,6,355,6,1,-58.16199864,-32.20933144,-58.16199864,-32.20933144,automatic,,,yes,yes,no,"Ñandubay esq Saavedra °, Colón",no_ign_match,,,,,,missing_address_point,missing_address_point
160,150,detail,Vergniaud N° 20,,427,21,manz+parc,2,0100010000000427--021--,derived_from_source_manz_parc,manz_parc,1,medium,unique_match_by_manz_parc,37156,0100010000000427--021--,0100010000000427--021--,matches_source_ncp,0,0,427,21,-58.15078878,-32.22974272,-58.15078878,-32.22974272,automatic,,,yes,yes,no,"Vergniaud 20, Colón",no_ign_match,,,,,,missing_address_point,missing_address_point
161,161,detail,Jacaranda s/Nº - Los Bretes,3,4,34,gru+manz+parc,3,0100010170030004--034--,derived_from_source_gru_manz_parc,gru_manz_parc,1,high,unique_match_by_gru_manz_parc,36674,0100010170030004--034--,0100010170030004--034--,matches_source_ncp,17,3,4,34,-58.13236344,-32.24437709,-58.13236344,-32.24437709,automatic,,,yes,yes,no,"Jacaranda º, Colón",no_ign_match,,,,,,missing_address_point,missing_address_point
162,157,detail,Karai Yamandú s/N°,310,2,14,gru+manz+parc,3,0100010113100002--014--,derived_from_source_gru_manz_parc,gru_manz_parc,1,high,unique_match_by_gru_manz_parc,35311,0100010113100002--014--,0100010113100002--014--,matches_source_ncp,11,310,2,14,-58.16752120,-32.22819283,-58.16752120,-32.22819283,automatic,,,yes,yes,no,"Karai Yamandú °, Colón",no_ign_match,,,,,,missing_address_point,missing_address_point
163,153,detail,Houssay sN° esq Espinillo,355,2,1,gru+manz+parc,3,0100010063550002--001--,derived_from_source_gru_manz_parc,gru_manz_parc,1,high,unique_match_by_gru_manz_parc,33047,0100010063550002--001--,0100010063550002--001--,matches_source_ncp,6,355,2,1,-58.16159322,-32.20832193,-58.16159322,-32.20832193,automatic,,,yes,yes,no,"Houssay ° esq Espinillo, Colón",no_ign_match,,,,,,missing_address_point,missing_address_point
164,166,detail,Avda. Paysandú S/N°,,488,25,manz+parc,2,0100010000000488--025--,derived_from_source_manz_parc,manz_parc,1,medium,unique_match_by_manz_parc,33532,0100010000000488--025--,0100010000000488--025--,matches_source_ncp,0,0,488,25,-58.15537290,-32.22257047,-58.15537290,-32.22257047,automatic,,,yes,yes,no,"Avenida Paysandú °, Colón",no_ign_match,,,,,,missing_address_point,missing_address_point
165,152,detail,Calle Timbó s/N°,310,3,11,gru+manz+parc,3,0100010113100003--011--,derived_from_source_gru_manz_parc,gru_manz_parc,1,high,unique_match_by_gru_manz_parc,33412,0100010113100003--011--,0100010113100003--011--,matches_source_ncp,11,310,3,11,-58.16786132,-32.23236090,-58.16786132,-32.23236090,automatic,,,yes,yes,no,"Calle Timbó °, Colón",no_ign_match,,,,,,missing_address_point,missing_address_point
166,152,detail_continuation,,,,37,parc,1,,no_unique_parcel_inference,none,0,low,no_cadastral_match,,,,missing_components,,,,,,,,,automatic,,,no,yes,no,", Colón",missing_address,,,,,,missing_both_points,missing_both_points
167,152,detail_continuation,,,,38,parc,1,,no_unique_parcel_inference,none,0,low,no_cadastral_match,,,,missing_components,,,,,,,,,automatic,,,no,yes,no,", Colón",missing_address,,,,,,missing_both_points,missing_both_points
168,155,detail,Balcarce N° 552,,713,7,manz+parc,2,0100010000000713--007--,derived_from_source_manz_parc,manz_parc,1,medium,unique_match_by_manz_parc,31563,0100010000000713--007--,0100010000000713--007--,matches_source_ncp,0,0,713,7,-58.14714891,-32.21371868,-58.14714891,-32.21371868,automatic,,,yes,yes,yes,"Balcarce 552, Colón",matched_ign,"BALCARCE 552, Colón, Entre Ríos",-58.14677459,-32.21363748,36.35,36.35,verified_close,verified_close
169,162,detail,Avda Los Lapachos - Los Bretes,3,2,24,gru+manz+parc,3,0100010170030002--024--,derived_from_source_gru_manz_parc,gru_manz_parc,1,high,unique_match_by_gru_manz_parc,37153,0100010170030002--024--,0100010170030002--024--,matches_source_ncp,17,3,2,24,-58.13473860,-32.24429507,-58.13473860,-32.24429507,automatic,,,yes,yes,no,"Avenida Los Lapachos, Colón",no_ign_match,,,,,,missing_address_point,missing_address_point
170,175,detail,Karai Yamandú s/N°,310,2,30,gru+manz+parc,3,0100010113100002--030--,derived_from_source_gru_manz_parc,gru_manz_parc,1,high,unique_match_by_gru_manz_parc,36756,0100010113100002--030--,0100010113100002--030--,matches_source_ncp,11,310,2,30,-58.16851904,-32.22850770,-58.16851904,-32.22850770,automatic,,,yes,yes,no,"Karai Yamandú °, Colón",no_ign_match,,,,,,missing_address_point,missing_address_point
171,160,detail,Calle Pública s/N°,327,5,9,gru+manz+parc,3,0100010123270005--009--,derived_from_source_gru_manz_parc,gru_manz_parc,1,high,unique_match_by_gru_manz_parc,37190,0100010123270005--009--,0100010123270005--009--,matches_source_ncp,12,327,5,9,-58.16313473,-32.23108252,-58.16313473,-32.23108252,automatic,,,yes,yes,no,"Calle Pública °, Colón",no_ign_match,,,,,,missing_address_point,missing_address_point
172,165,detail,Calle Primeros Colonos s/N°,331,,27,gru+parc,2,0100010063310000--027--,derived_from_source_gru_parc,gru_parc,1,medium,unique_match_by_gru_parc,37167,0100010063310000--027--,0100010063310000--027--,matches_source_ncp,6,331,0,27,-58.17289896,-32.20949801,-58.17289896,-32.20949801,automatic,,,yes,yes,no,"Calle Primeros Colonos °, Colón",no_ign_match,,,,,,missing_address_point,missing_address_point
173,172,detail,"Ruta N° 135, km ..",204,,6,gru+parc,2,0100010102040000--006--,derived_from_source_gru_parc,gru_parc,1,medium,unique_match_by_gru_parc,25050,0100010102040000--006--,0100010102040000--006--,matches_source_ncp,10,204,0,6,-58.19503421,-32.24536888,-58.19503421,-32.24536888,automatic,,,yes,yes,no,"Ruta 135, km ., Colón",no_ign_match,,,,,,missing_address_point,missing_address_point
174,180,detail,Calle Privada s/N° - Los Bretes,,,24,parc,1,,no_unique_parcel_inference,none,0,low,no_cadastral_match,,,,missing_components,,,,,,,,,automatic,,,yes,yes,no,"Calle Privada °, Colón",no_ign_match,,,,,,missing_both_points,missing_both_points
175,167,detail,Bolìvar Nº 220,,173,19,manz+parc,2,0100010000000173--019--,derived_from_source_manz_parc,manz_parc,1,medium,unique_match_by_manz_parc,30249,0100010000000173--019--,0100010000000173--019--,matches_source_ncp,0,0,173,19,-58.13867828,-32.21945160,-58.13867828,-32.21945160,automatic,,,yes,yes,yes,"Bolìvar 220, Colón",matched_ign,"BOLIVAR 220, Colón, Entre Ríos",-58.13884686,-32.21925054,27.41,27.41,verified_close,verified_close
176,168,detail,Avda. Los Lapachos s/N° - Los Bretes,3,4,25,gru+manz+parc,3,0100010170030004--025--,derived_from_source_gru_manz_parc,gru_manz_parc,1,high,unique_match_by_gru_manz_parc,35639,0100010170030004--025--,0100010170030004--025--,matches_source_ncp,17,3,4,25,-58.13440528,-32.24474004,-58.13440528,-32.24474004,automatic,,,yes,yes,no,"Avenida Los Lapachos °, Colón",no_ign_match,,,,,,missing_address_point,missing_address_point
177,174,detail,Avda. Quiros esq M. Moreno,,224,3,manz+parc,2,0100010000000224--003--,derived_from_source_manz_parc,manz_parc,1,medium,unique_match_by_manz_parc,30328,0100010000000224--003--,0100010000000224--003--,matches_source_ncp,0,0,224,3,-58.13308543,-32.21908261,-58.13308543,-32.21908261,automatic,,,yes,yes,no,"Avenida Quiros esq Mariano Moreno, Colón",no_ign_match,,,,,,missing_address_point,missing_address_point
178,169,detail,Vergniaud Nº e/ San Martín y 12 de Abril,,427,2,manz+parc,2,0100010000000427--002--,derived_from_source_manz_parc,manz_parc,1,medium,unique_match_by_manz_parc,26617,0100010000000427--002--,0100010000000427--002--,matches_source_ncp,0,0,427,2,-58.15096292,-32.22954325,-58.15096292,-32.22954325,automatic,,,yes,yes,yes,"Abril 12, Colón",matched_ign,"12 DE ABRIL 12, Colón, Entre Ríos",-58.13385611,-32.21815909,2047.42,2047.42,review_large_gap,review_large_gap
179,171,detail,Tucumán N° esq Güemes N° 251,,81,17,manz+parc,2,0100010000000081--017--,derived_from_source_manz_parc,manz_parc,1,medium,unique_match_by_manz_parc,36915,0100010000000081--017--,0100010000000081--017--,matches_source_ncp,0,0,81,17,-58.13975800,-32.22792447,-58.13975800,-32.22792447,automatic,,,yes,yes,yes,"Tucumán 251, Colón",matched_ign,"TUCUMAN 251, Colón, Entre Ríos",-58.13479200,-32.22427276,618.94,618.94,review_large_gap,review_large_gap
180,170,detail,Araujo Penón N° 02,,349,8,manz+parc,2,0100010000000349--008--,derived_from_source_manz_parc,manz_parc,1,medium,unique_match_by_manz_parc,32140,0100010000000349--008--,0100010000000349--008--,matches_source_ncp,0,0,349,8,-58.15741668,-32.22834711,-58.15741668,-32.22834711,automatic,,,yes,yes,yes,"Araujo Penón 02, Colón",matched_ign,"ARAUJO PENON 2, Colón, Entre Ríos",-58.15376013,-32.23236732,564.03,564.03,review_large_gap,review_large_gap
181,178,detail,Dr. Favaloro Nº 392,,682,9,manz+parc,2,0100010000000682--009--,derived_from_source_manz_parc,manz_parc,1,medium,unique_match_by_manz_parc,25881,0100010000000682--009--,0100010000000682--009--,matches_source_ncp,0,0,682,9,-58.13184479,-32.23123323,-58.13184479,-32.23123323,automatic,,,yes,yes,no,"Dr. Favaloro 392, Colón",no_ign_match,,,,,,missing_address_point,missing_address_point
182,211,detail,Cipriano Berìn Nº,,503,12,manz+parc,2,0100010000000503--012--,derived_from_source_manz_parc,manz_parc,1,medium,unique_match_by_manz_parc,26213,0100010000000503--012--,0100010000000503--012--,matches_source_ncp,0,0,503,12,-58.14642019,-32.23048075,-58.14642019,-32.23048075,automatic,,,yes,yes,no,"Cipriano Berìn, Colón",no_ign_match,,,,,,missing_address_point,missing_address_point
183,212,detail,Karai Yamandú s/N°,310,2,21,gru+manz+parc,3,0100010113100002--021--,derived_from_source_gru_manz_parc,gru_manz_parc,1,high,unique_match_by_gru_manz_parc,36189,0100010113100002--021--,0100010113100002--021--,matches_source_ncp,11,310,2,21,-58.16701291,-32.22793627,-58.16701291,-32.22793627,automatic,,,yes,yes,no,"Karai Yamandú °, Colón",no_ign_match,,,,,,missing_address_point,missing_address_point
184,213,detail,Calle Chajá s/N° esq. Calle Pública,225,3,12,gru+manz+parc,3,0100010112250003--012--,derived_from_source_gru_manz_parc,gru_manz_parc,1,high,unique_match_by_gru_manz_parc,37199,0100010112250003--012--,0100010112250003--012--,matches_source_ncp,11,225,3,12,-58.18757104,-32.24834198,-58.18757104,-32.24834198,automatic,,,yes,yes,no,"Calle Chajá ° esq. Calle Pública, Colón",no_ign_match,,,,,,missing_address_point,missing_address_point
185,173,detail,Santa Cruz N° 195,,430,36,manz+parc,2,0100010000000430--036--,derived_from_source_manz_parc,manz_parc,1,medium,unique_match_by_manz_parc,27442,0100010000000430--036--,0100010000000430--036--,matches_source_ncp,0,0,430,36,-58.15375456,-32.22763432,-58.15375456,-32.22763432,automatic,,,yes,yes,yes,"Santa Cruz 195, Colón",matched_ign,"SANTA CRUZ 195, Colón, Entre Ríos",-58.15391649,-32.22772268,18.13,18.13,verified_close,verified_close
186,179,detail,Calle Publica s/N°,203,,13,gru+parc,2,0100010102030000--013--,derived_from_source_gru_parc,gru_parc,1,medium,unique_match_by_gru_parc,35872,0100010102030000--013--,0100010102030000--013--,matches_source_ncp,10,203,0,13,-58.19179784,-32.24646376,-58.19179784,-32.24646376,automatic,,,yes,yes,no,"Calle Publica °, Colón",no_ign_match,,,,,,missing_address_point,missing_address_point
187,183,detail,Calle Progreso s/Nº,310,2,19,gru+manz+parc,3,0100010113100002--019--,derived_from_source_gru_manz_parc,gru_manz_parc,1,high,unique_match_by_gru_manz_parc,36167,0100010113100002--019--,0100010113100002--019--,matches_source_ncp,11,310,2,19,-58.16743738,-32.22926811,-58.16743738,-32.22926811,automatic,,,yes,yes,no,"Calle Progreso º, Colón",no_ign_match,,,,,,missing_address_point,missing_address_point
188,177,detail,Bernard Nº 490,,645,11,manz+parc,2,0100010000000645--011--,derived_from_source_manz_parc,manz_parc,1,medium,unique_match_by_manz_parc,25974,0100010000000645--011--,0100010000000645--011--,matches_source_ncp,0,0,645,11,-58.13502019,-32.23098372,-58.13502019,-32.23098372,automatic,,,yes,yes,yes,"Bernard 490, Colón",matched_ign,"J BERNARD 490, Colón, Entre Ríos",-58.13519969,-32.23086060,21.74,21.74,verified_close,verified_close
189,187,detail,Pte. Perón N° 33,,88,6,manz+parc,2,0100010000000088--006--,derived_from_source_manz_parc,manz_parc,1,medium,unique_match_by_manz_parc,28513,0100010000000088--006--,0100010000000088--006--,matches_source_ncp,0,0,88,6,-58.14310335,-32.22394089,-58.14310335,-32.22394089,automatic,,,yes,yes,yes,"Presidente Perón 33, Colón",matched_ign,"AV PRES PERON 33, Colón, Entre Ríos",-58.14330092,-32.22412901,27.98,27.98,verified_close,verified_close
190,176,detail,Combatientes de Malvinas Nº 435,,672,1,manz+parc,2,0100010000000672--001--,derived_from_source_manz_parc,manz_parc,1,medium,unique_match_by_manz_parc,33439,0100010000000672--001--,0100010000000672--001--,matches_source_ncp,0,0,672,1,-58.14921109,-32.21402036,-58.14921109,-32.21402036,automatic,,,yes,yes,yes,"Combatientes de Malvinas 435, Colón",matched_ign,"COMBATIENTES DE MALVINAS 435, Colón, Entre Ríos",-58.14906942,-32.21530871,143.88,143.88,verified_nearby,verified_nearby
191,181,detail,Calle Pública s/N°,2,,153,gru+parc,2,0100010170020000--153--,derived_from_source_gru_parc,gru_parc,1,medium,unique_match_by_gru_parc,37180,0100010170020000--153--,0100010170020000--153--,matches_source_ncp,17,2,0,153,-58.13975798,-32.24779011,-58.13975798,-32.24779011,automatic,,,yes,yes,no,"Calle Pública °, Colón",no_ign_match,,,,,,missing_address_point,missing_address_point
192,185,detail,Calle Privada s/Nº - Los Bretes,3,2,12,gru+manz+parc,3,0100010170030002--012--,derived_from_source_gru_manz_parc,gru_manz_parc,1,high,unique_match_by_gru_manz_parc,35781,0100010170030002--012--,0100010170030002--012--,matches_source_ncp,17,3,2,12,-58.13317564,-32.24366044,-58.13317564,-32.24366044,automatic,,,yes,yes,no,"Calle Privada º, Colón",no_ign_match,,,,,,missing_address_point,missing_address_point
193,189,detail,Las Piedras n° 265,27,338,18,gru+manz+parc,3,0100011020270338--018--,derived_from_source_gru_manz_parc,gru_manz_parc,1,high,unique_match_by_gru_manz_parc,37207,0100011020270338--018--,0100011020270338--018--,matches_source_ncp,102,27,338,18,-58.14971686,-32.23530657,-58.14971686,-32.23530657,automatic,,,yes,yes,yes,"Las Piedras 265, Colón",matched_ign,"LAS PIEDRAS SUR 265, Colón, Entre Ríos",-58.14946782,-32.23518113,27.26,27.26,verified_close,verified_close
194,191,detail,Juan Manuel de Rosas s/N°  esq. Juan Larrea,330,,21,gru+parc,2,0100010063300000--021--,derived_from_source_gru_parc,gru_parc,1,medium,unique_match_by_gru_parc,34707,0100010063300000--021--,0100010063300000--021--,matches_source_ncp,6,330,0,21,-58.16869556,-32.21355136,-58.16869556,-32.21355136,automatic,,,yes,yes,no,"Juan Manuel de Rosas ° esq. Juan Larrea, Colón",no_ign_match,,,,,,missing_address_point,missing_address_point
195,184,detail,Los Lapachos s/N° - Los Bretes,3,3,8,gru+manz+parc,3,0100010170030003--008--,derived_from_source_gru_manz_parc,gru_manz_parc,1,high,unique_match_by_gru_manz_parc,33197,0100010170030003--008--,0100010170030003--008--,matches_source_ncp,17,3,3,8,-58.13144916,-32.24305384,-58.13144916,-32.24305384,automatic,,,yes,yes,no,"Los Lapachos °, Colón",no_ign_match,,,,,,missing_address_point,missing_address_point
196,199,detail,Bolívar N° 163,,183,5,manz+parc,2,0100010000000183--005--,derived_from_source_manz_parc,manz_parc,1,medium,unique_match_by_manz_parc,30615,0100010000000183--005--,0100010000000183--005--,matches_source_ncp,0,0,183,5,-58.13812408,-32.21841991,-58.13812408,-32.21841991,automatic,,,yes,yes,yes,"Bolívar 163, Colón",matched_ign,"BOLIVAR 163, Colón, Entre Ríos",-58.13788615,-32.21856292,27.46,27.46,verified_close,verified_close
197,182,detail,Díaz Velez N°,327,6,5,gru+manz+parc,3,0100010123270006--005--,derived_from_source_gru_manz_parc,gru_manz_parc,1,high,unique_match_by_gru_manz_parc,37189,0100010123270006--005--,0100010123270006--005--,matches_source_ncp,12,327,6,5,-58.16491368,-32.23167820,-58.16491368,-32.23167820,automatic,,,yes,yes,no,"Díaz Velez, Colón",no_ign_match,,,,,,missing_address_point,missing_address_point
198,198,detail,Salta N° 88,,37,19,manz+parc,2,0100010000000037--019--,derived_from_source_manz_parc,manz_parc,1,medium,unique_match_by_manz_parc,36273,0100010000000037--019--,0100010000000037--019--,matches_source_ncp,0,0,37,19,-58.14650125,-32.22504999,-58.14650125,-32.22504999,automatic,,,yes,yes,yes,"Salta 88, Colón",matched_ign,"SALTA 88, Colón, Entre Ríos",-58.14638984,-32.22493639,16.41,16.41,verified_close,verified_close
199,201,detail,Ruta Nac. N° 135,204,,10,gru+parc,2,0100010102040000--010--,derived_from_source_gru_parc,gru_parc,1,medium,unique_match_by_gru_parc,36105,0100010102040000--010--,0100010102040000--010--,matches_source_ncp,10,204,0,10,-58.19205274,-32.24438124,-58.19205274,-32.24438124,automatic,,,yes,yes,no,"Ruta Nac. 135, Colón",no_ign_match,,,,,,missing_address_point,missing_address_point
200,200,detail,Balcarce N° 392,,709,19,manz+parc,2,0100010000000709--019--,derived_from_source_manz_parc,manz_parc,1,medium,unique_match_by_manz_parc,33334,0100010000000709--019--,0100010000000709--019--,matches_source_ncp,0,0,709,19,-58.14450020,-32.21618276,-58.14450020,-32.21618276,automatic,,,yes,yes,yes,"Balcarce 392, Colón",matched_ign,"BALCARCE 392, Colón, Entre Ríos",-58.14446594,-32.21595730,25.28,25.28,verified_close,verified_close
201,186,detail,Avda. Paysandú N° 682,,578,3,manz+parc,2,0100010000000578--003--,derived_from_source_manz_parc,manz_parc,1,medium,unique_match_by_manz_parc,33373,0100010000000578--003--,0100010000000578--003--,matches_source_ncp,0,0,578,3,-58.15113066,-32.21957087,-58.15113066,-32.21957087,automatic,,,yes,yes,yes,"Avenida Paysandú 682, Colón",matched_ign,"AV PAYSANDU 682, Colón, Entre Ríos",-58.15130738,-32.21944941,21.42,21.42,verified_close,verified_close
202,188,detail,Calle Privada s/Nº - Los Bretes,3,3,10,gru+manz+parc,3,0100010170030003--010--,derived_from_source_gru_manz_parc,gru_manz_parc,1,high,unique_match_by_gru_manz_parc,33447,0100010170030003--010--,0100010170030003--010--,matches_source_ncp,17,3,3,10,-58.13034647,-32.24189849,-58.13034647,-32.24189849,automatic,,,yes,yes,no,"Calle Privada º, Colón",no_ign_match,,,,,,missing_address_point,missing_address_point
203,190,detail,Alberdi N°,310,3,6,gru+manz+parc,3,0100010113100003--006--,derived_from_source_gru_manz_parc,gru_manz_parc,1,high,unique_match_by_gru_manz_parc,25669,0100010113100003--006--,0100010113100003--006--,matches_source_ncp,11,310,3,6,-58.16780756,-32.23271961,-58.16780756,-32.23271961,automatic,,,yes,yes,no,"Alberdi, Colón",no_ign_match,,,,,,missing_address_point,missing_address_point
204,193,detail,Calle Pùblica s/Nº,2,,95,gru+parc,2,0100010170020000--095--,derived_from_source_gru_parc,gru_parc,1,medium,unique_match_by_gru_parc,35177,0100010170020000--095--,0100010170020000--095--,matches_source_ncp,17,2,0,95,-58.13794229,-32.24759726,-58.13794229,-32.24759726,automatic,,,yes,yes,no,"Calle Pùblica º, Colón",no_ign_match,,,,,,missing_address_point,missing_address_point
205,192,detail,Alvear Nº,,616,14,manz+parc,2,0100010000000616--014--,derived_from_source_manz_parc,manz_parc,1,medium,unique_match_by_manz_parc,32734,0100010000000616--014--,0100010000000616--014--,matches_source_ncp,0,0,616,14,-58.15075518,-32.21728417,-58.15075518,-32.21728417,automatic,,,yes,yes,no,"Alvear, Colón",no_ign_match,,,,,,missing_address_point,missing_address_point
206,195,detail,Calle Pública s/N°,310,3,27,gru+manz+parc,3,0100010113100003--027--,derived_from_source_gru_manz_parc,gru_manz_parc,1,high,unique_match_by_gru_manz_parc,34172,0100010113100003--027--,0100010113100003--027--,matches_source_ncp,11,310,3,27,-58.16658095,-32.23024236,-58.16658095,-32.23024236,automatic,,,yes,yes,no,"Calle Pública °, Colón",no_ign_match,,,,,,missing_address_point,missing_address_point
207,194,detail,Calle Hornero s/Nº,247,8,1,gru+manz+parc,3,0100010112470008--001--,derived_from_source_gru_manz_parc,gru_manz_parc,1,high,unique_match_by_gru_manz_parc,36489,0100010112470008--001--,0100010112470008--001--,matches_source_ncp,11,247,8,1,-58.18093064,-32.24683903,-58.18093064,-32.24683903,automatic,,,yes,yes,no,"Calle Hornero º, Colón",no_ign_match,,,,,,missing_address_point,missing_address_point
208,196,detail,Calle Pública s/N°,201,,5,gru+parc,2,0100010152010000--005--,derived_from_source_gru_parc,gru_parc,1,medium,unique_match_by_gru_parc,36780,0100010152010000--005--,0100010152010000--005--,matches_source_ncp,15,201,0,5,-58.18606625,-32.25687942,-58.18606625,-32.25687942,automatic,,,yes,yes,no,"Calle Pública °, Colón",no_ign_match,,,,,,missing_address_point,missing_address_point
209,197,detail,Ibirapitá s/N°,310,3,30,gru+manz+parc,3,0100010113100003--030--,derived_from_source_gru_manz_parc,gru_manz_parc,1,high,unique_match_by_gru_manz_parc,34808,0100010113100003--030--,0100010113100003--030--,matches_source_ncp,11,310,3,30,-58.16747946,-32.23086021,-58.16747946,-32.23086021,automatic,,,yes,yes,no,"Ibirapitá °, Colón",no_ign_match,,,,,,missing_address_point,missing_address_point
210,216,detail,Avda. Gral. Urquiza N° 1186,,342,2,manz+parc,2,0100010000000342--002--,derived_from_source_manz_parc,manz_parc,1,medium,unique_match_by_manz_parc,32597,0100010000000342--002--,0100010000000342--002--,matches_source_ncp,0,0,342,2,-58.15269984,-32.23312734,-58.15269984,-32.23312734,automatic,,,yes,yes,yes,"General Urquiza 1186, Colón",matched_ign,"GRL URQUIZA 1186, Colón, Entre Ríos",-58.15294884,-32.23274708,48.34,48.34,verified_close,verified_close
211,203,detail,Echagüe s/N° esq Walser,103,7,7,gru+manz+parc,3,,ambiguous_source_components,manz_parc,4,low,ambiguous_match_by_manz_parc,27203,0100010000000007--007--,0100010000000007--007--,matches_source_ncp,0,0,7,7,-58.14697036,-32.22806822,-58.14697036,-32.22806822,automatic,,,yes,yes,no,"Echagüe ° esq Walser, Colón",no_ign_match,,,,,,missing_address_point,missing_address_point
212,205,detail,Calle Pública s/N°,181,3,5,gru+manz+parc,3,0100010151810003--005--,derived_from_source_gru_manz_parc,gru_manz_parc,1,high,unique_match_by_gru_manz_parc,35521,0100010151810003--005--,0100010151810003--005--,matches_source_ncp,15,181,3,5,-58.19481379,-32.25656789,-58.19481379,-32.25656789,automatic,,,yes,yes,no,"Calle Pública °, Colón",no_ign_match,,,,,,missing_address_point,missing_address_point
213,220,detail,Calle Pública s/Nº,310,3,45,gru+manz+parc,3,0100010113100003--045--,derived_from_source_gru_manz_parc,gru_manz_parc,1,high,unique_match_by_gru_manz_parc,36905,0100010113100003--045--,0100010113100003--045--,matches_source_ncp,11,310,3,45,-58.16796068,-32.23251379,-58.16796068,-32.23251379,automatic,,,yes,yes,no,"Calle Pública º, Colón",no_ign_match,,,,,,missing_address_point,missing_address_point
214,202,detail,Calle Píblica s/N°,343,,3,gru+parc,2,0100010063430000--003--,derived_from_source_gru_parc,gru_parc,1,medium,unique_match_by_gru_parc,31930,0100010063430000--003--,0100010063430000--003--,matches_source_ncp,6,343,0,3,-58.16523153,-32.20993396,-58.16523153,-32.20993396,automatic,,,yes,yes,no,"Calle Píblica °, Colón",no_ign_match,,,,,,missing_address_point,missing_address_point
215,209,detail,Evita Nº 368,,683,19,manz+parc,2,0100010000000683--019--,derived_from_source_manz_parc,manz_parc,1,medium,unique_match_by_manz_parc,26208,0100010000000683--019--,0100010000000683--019--,matches_source_ncp,0,0,683,19,-58.13227169,-32.23024623,-58.13227169,-32.23024623,automatic,,,yes,yes,yes,"Evita 368, Colón",matched_ign,"EVITA 368, Colón, Entre Ríos",-58.13236294,-32.23010081,18.31,18.31,verified_close,verified_close
216,207,detail,Conte Grand N° 413,,408,6,manz+parc,2,0100011010480408--006--,derived_from_source_manz_parc,manz_parc,1,medium,unique_match_by_manz_parc,32766,0100011010480408--006--,0100011010480408--006--,matches_source_ncp,101,48,408,6,-58.15788128,-32.22487987,-58.15788128,-32.22487987,automatic,,,yes,yes,yes,"Conte Grand 413, Colón",matched_ign,"J CONTE GRAND 413, Colón, Entre Ríos",-58.15792419,-32.22513164,28.28,28.28,verified_close,verified_close
217,206,detail,"Bvard. Gaillard Nº 786, 788, 794 (antes 800), y Ramirez Nº 343",,15,17,manz+parc,2,,ambiguous_source_components,manz_parc,2,low,ambiguous_match_by_manz_parc,33377,0100010000000015--017--,0100010000000015--017--,matches_source_ncp,0,0,15,17,-58.15157710,-32.22238606,-58.15157710,-32.22238606,automatic,,,yes,yes,no,"Gaillard 786, Colón",matched_ign,"AMILCAR GAILLARD 786, Colón, Entre Ríos",-58.15168470,-32.22217640,25.42,25.42,verified_close,verified_close
218,215,detail,"M. Moreno Nº 712, 714",,33,22,manz+parc,2,0100010000000033--022--,derived_from_source_manz_parc,manz_parc,1,medium,unique_match_by_manz_parc,27432,0100010000000033--022--,0100010000000033--022--,matches_source_ncp,0,0,33,22,-58.14419783,-32.22752649,-58.14419783,-32.22752649,automatic,,,yes,yes,yes,"Mariano Moreno 712, Colón",matched_ign,"MARIANO MORENO 712, Colón, Entre Ríos",-58.14425864,-32.22738709,16.52,16.52,verified_close,verified_close
219,214,detail,Calle Privada s/Nº - Los Bretes,3,,1,gru+parc,2,,ambiguous_source_components,gru_parc,12,low,ambiguous_match_by_gru_parc,24577,0100010180030000--001--,0100010180030000--001--,matches_source_ncp,18,3,0,1,-58.21331902,-32.29053880,-58.21331902,-32.29053880,automatic,,,yes,yes,no,"Calle Privada º, Colón",no_ign_match,,,,,,missing_address_point,missing_address_point
220,218,detail,Calle Pública s/Nº,268,1,9,gru+manz+parc,3,0100010112680001--009--,derived_from_source_gru_manz_parc,gru_manz_parc,1,high,unique_match_by_gru_manz_parc,35719,0100010112680001--009--,0100010112680001--009--,matches_source_ncp,11,268,1,9,-58.17485880,-32.24088998,-58.17485880,-32.24088998,automatic,,,yes,yes,no,"Calle Pública º, Colón",no_ign_match,,,,,,missing_address_point,missing_address_point
221,225,detail,"Moreno Nº 753 esq Leguizamón N° 91, 97",,23,3,manz+parc,2,0100010000000023--003--,derived_from_source_manz_parc,manz_parc,1,medium,unique_match_by_manz_parc,27312,0100010000000023--003--,0100010000000023--003--,matches_source_ncp,0,0,23,3,-58.14518397,-32.22779971,-58.14518397,-32.22779971,automatic,,,yes,yes,yes,"Moreno 753, Colón",matched_ign,"MARIANO MORENO 753, Colón, Entre Ríos",-58.14496367,-32.22789209,23.13,23.13,verified_close,verified_close
222,221,detail,Calle Pública s/N°,331,3,3,gru+manz+parc,3,0100010063310003--003--,derived_from_source_gru_manz_parc,gru_manz_parc,1,high,unique_match_by_gru_manz_parc,34574,0100010063310003--003--,0100010063310003--003--,matches_source_ncp,6,331,3,3,-58.17034426,-32.21073453,-58.17034426,-32.21073453,automatic,,,yes,yes,no,"Calle Pública °, Colón",no_ign_match,,,,,,missing_address_point,missing_address_point
223,219,detail,Rocamora s/N°  875,,515,11,manz+parc,2,0100010000000515--011--,derived_from_source_manz_parc,manz_parc,1,medium,unique_match_by_manz_parc,32642,0100010000000515--011--,0100010000000515--011--,matches_source_ncp,0,0,515,11,-58.15409957,-32.22240547,-58.15409957,-32.22240547,automatic,,,yes,yes,yes,"Rocamora ° 875, Colón",matched_ign,"TOMAS DE ROCAMORA 875, Colón, Entre Ríos",-58.15392808,-32.22258157,25.37,25.37,verified_close,verified_close
224,204,detail,"Balcarce Nº 66, 74",,145,4,manz+parc,2,0100010000000145--004--,derived_from_source_manz_parc,manz_parc,1,medium,unique_match_by_manz_parc,33875,0100010000000145--004--,0100010000000145--004--,matches_source_ncp,0,0,145,4,-58.13992634,-32.22078901,-58.13992634,-32.22078901,automatic,,,yes,yes,yes,"Balcarce 66, Colón",matched_ign,"BALCARCE 66, Colón, Entre Ríos",-58.13970234,-32.22074389,21.66,21.66,verified_close,verified_close
225,210,detail,Vergniaud Nº 416,,435,19,manz+parc,2,0100011010620435--019--,derived_from_source_manz_parc,manz_parc,1,medium,unique_match_by_manz_parc,34469,0100011010620435--019--,0100011010620435--019--,matches_source_ncp,101,62,435,19,-58.15648444,-32.22401340,-58.15648444,-32.22401340,automatic,,,yes,yes,no,"Vergniaud 416, Colón",no_ign_match,,,,,,missing_address_point,missing_address_point
226,217,detail,Cabo Pereyra N° 621,36,356,10,gru+manz+parc,3,0100011010360356--010--,derived_from_source_gru_manz_parc,gru_manz_parc,1,high,unique_match_by_gru_manz_parc,32950,0100011010360356--010--,0100011010360356--010--,matches_source_ncp,101,36,356,10,-58.16240310,-32.22305284,-58.16240310,-32.22305284,automatic,,,yes,yes,yes,"Cabo Pereyra 621, Colón",matched_ign,"CABO 1RO C PEREYRA 621, Colón, Entre Ríos",-58.16249182,-32.22342255,41.95,41.95,verified_close,verified_close
227,223,detail,Calle Pública s/N°,331,,29,gru+parc,2,0100010063310000--029--,derived_from_source_gru_parc,gru_parc,1,medium,unique_match_by_gru_parc,37197,0100010063310000--029--,0100010063310000--029--,matches_source_ncp,6,331,0,29,-58.17170501,-32.21332881,-58.17170501,-32.21332881,automatic,,,yes,yes,no,"Calle Pública °, Colón",no_ign_match,,,,,,missing_address_point,missing_address_point
228,222,detail,A. Penòn Nº 427,34,352,12,gru+manz+parc,3,,ambiguous_source_components,gru_parc,2,low,ambiguous_match_by_gru_parc,34816,0100011010340326--012--,0100011010340326--012--,matches_source_ncp,101,34,326,12,-58.16043781,-32.22693416,-58.16043781,-32.22693416,automatic,,,yes,yes,no,"Penòn 427, Colón",matched_ign,"ARAUJO PENON 427, Colón, Entre Ríos",-58.15989886,-32.22617845,98.14,98.14,verified_nearby,verified_nearby
229,224,detail,Bvard Ferrari N° 477,,108,7,manz+parc,2,0100010000000108--007--,derived_from_source_manz_parc,manz_parc,1,medium,unique_match_by_manz_parc,27107,0100010000000108--007--,0100010000000108--007--,matches_source_ncp,0,0,108,7,-58.13740375,-32.22818909,-58.13740375,-32.22818909,automatic,,,yes,yes,yes,"Boulevard Ferrari 477, Colón",matched_ign,"BV FERRARI 477, Colón, Entre Ríos",-58.13721933,-32.22844006,32.86,32.86,verified_close,verified_close
