source_row_number,legajo_canonico,row_kind,raw_ubicacion,ncp,ncp_formatted,sec,gru,nmanz,nparc,lon,lat,geolocation_source,location_verification_status,zonificacion,fecha_de_visado,tipo,destino_uso,relevamiento_o_existente,a_contruir_obra_nueva,ampliacion_de_obra_existente,proyectado_no_iniciado,m_existentes_relevados_vivienda,m_existentes_relevados_local,m_a_construir_vivienda,m_a_construir_local
2,1,detail,Avda. Urquiza Nº 321,0100010000000143--009--,0100010000000143--009--,0,0,143,9,-58.13887103,-32.22227148,automatic,verified_close,Centro,2022-03-01,Local Comercial,comercial,1,,,,,4.41,,
3,2,detail,Mitre N° 972,0100010000000447--020--,0100010000000447--020--,0,0,447,20,-58.14569865,-32.23366590,automatic,verified_close,Urbana 1,2022-03-01,Quincho,quincho,1,,,,35.62,,,
4,3,detail,Avda. Paysandu Nº 1098 y Conte Grand N° 441,0100011010480408--010--,0100011010480408--010--,101,48,408,10,-58.15821918,-32.22465777,automatic,missing_address_point,Urbana,2022-04-01,Vivienda unifamiliar + Galpon,vivienda,2,1,,,35.11,46.55,,
5,4,detail,Frondizi N° 269,0100011020040241--002--,0100011020040241--002--,102,4,241,2,-58.15477737,-32.23913064,automatic,missing_address_point,URBANA 2,2022-06-01,GALPON / DEPOSITO,productivo,1,,,,,459.3,,
6,5,detail,Alberdi N° 231,0100010000000177--008--,0100010000000177--008--,0,0,177,8,-58.14139856,-32.21695631,automatic,verified_close,Residencial Norte,2021-06-01,Vivienda unifamiliar,vivienda,,1,,,,,320.255,
7,8,detail,Sourigues Nº 38,0100010000000101--003--,0100010000000101--003--,0,0,101,3,-58.14203836,-32.22304631,automatic,verified_close,Centro,2022-12-01,Local Comercial,comercial,1,,,,,95.18,,
8,7,detail,M. M. Lima Nº,0100011010630436--015--,0100011010630436--015--,101,63,436,15,-58.15764172,-32.22295990,automatic,missing_address_point,Urbana 2,2022-12-01,Vivienda multifamiliar,vivienda,1,,,,114.35,,,
9,6,detail,Faustino Dominchin s/N°,0100010123270011--009--,0100010123270011--009--,12,327,11,9,-58.16179063,-32.22739336,automatic,missing_address_point,Urbana 2,2022-12-01,Galpón depósito - Vivienda unifamiliar,vivienda,1,1,,,,,177.07,
10,9,detail,Esteva Berga Nº 526,0100010000000726--015--,0100010000000726--015--,0,0,726,15,-58.13138086,-32.22873569,automatic,verified_close,Residencial Sur,2022-01-14,Vivienda unifamiliar + Consultorio,vivienda,1,1,,,17.1,,37.215,37.43
11,10,detail,Madres y Abuelas de Plaza de Mayo s/N°,0100010063410001--001--,0100010063410001--001--,6,341,1,1,-58.16021766,-32.21592930,automatic,missing_address_point,Ampliación Turística Norte,2022-01-17,Vivienda multifamiliar,vivienda,,5,,,,,318,
12,52,detail,Alberdi N° 779,,,,,,,,,automatic,missing_cadastral_point,Urbana 1,2022-03-21,Galpón / depósito,galpón / depósito,1,,,,,114.025,,
13,47,detail,Araujo Penòn N° 220,0100010000000322--015--,0100010000000322--015--,0,0,322,15,-58.15709089,-32.22936700,automatic,verified_close,URBANA 1,2022-03-18,Vivienda multifamiliar,vivienda,3,,,,185.935,,,
14,16,detail,Callixta Benegas esq Avda Juan Antonio Fernandez,0100010151110006--005--,0100010151110006--005--,15,111,6,5,-58.20821758,-32.26858847,automatic,missing_address_point,QUINTAS,2022-04-02,Vivienda unifamiliar,vivienda,,1,,,,,60,
15,12,detail,J. G. Artigas N° 128,0100010000000113--009--,0100010000000113--009--,0,0,113,9,-58.13968914,-32.22474725,automatic,verified_close,Centro,2022-01-25,Vivienda multifamiliar,vivienda,3,,,,37.16,,,
16,11,detail,San Martín Esq Sourigues N° 64,0100010000000100--006--,0100010000000100--006--,0,0,100,6,-58.14237610,-32.22271636,automatic,review_large_gap,Centro,2022-01-24,,sin destino,,,1,,,,0,
17,13,detail,Calle Pública s/Nº,0100010112270006--002--,0100010112270006--002--,11,227,6,2,-58.19153194,-32.23978847,automatic,missing_address_point,Núcleo Urbano Ampliado,2022-01-26,Vivienda unifamiliar,vivienda,,1,,,,,60,
18,14,detail,Noailles N° 1369,0100010000000262--006--,0100010000000262--006--,0,0,262,6,-58.15511583,-32.23611631,automatic,verified_close,Urbana,2022-01-27,Vivienda unifamiliar,vivienda,,1,,,,,75,
19,18,detail,Cabo Pereyra N° 324,0100010123270001--003--,0100010123270001--003--,12,327,1,3,-58.16032537,-32.22901705,automatic,verified_close,Urbana 2,2022-01-02,Vivienda unifamiliar,vivienda,,1,,,,,30.31,
20,24,detail,Bvard Güemes N° 10,0100010000000083--010--,0100010000000083--010--,0,0,83,10,-58.13864493,-32.22843952,automatic,missing_address_point,Residencial Sur,2022-10-02,Vivienda unifamiliar + Local comercial,vivienda,1,1,,,270.42,,,89.76
21,24,detail_continuation,Mitre N° 542,,,,,,,,,automatic,missing_cadastral_point,,,,sin destino,,,,,,,,108.66
22,15,detail,Padre Duce N° 84,0100010000000298--003--,0100010000000298--003--,0,0,298,3,-58.15595207,-32.23195499,automatic,missing_address_point,URBANA,2022-01-28,Vivienda multifamiliar,vivienda,1,,,1,178.945,,35.85,
23,17,detail,Algarrobo s/N° entre Avda. Paysadnú y Los Ceibos,0100010113100001--018--,0100010113100001--018--,11,310,1,18,-58.17142662,-32.23076314,automatic,missing_address_point,Núcleo Urbano Ampliado,2022-01-02,Vivienda unifamiliar,vivienda,,1,,,,,86.82,
24,21,detail,Timbo s/N°,0100010113100004--007--,0100010113100004--007--,11,310,4,7,-58.16919167,-32.23226805,automatic,missing_address_point,Núcleo Urbano Ampliado,2022-07-02,Vivienda unifamiliar + Depósito,vivienda,1,,,,211.505,,,
25,19,detail,Lavalle N° 318,0100010000000176--002--,0100010000000176--002--,0,0,176,2,-58.14057919,-32.21729791,automatic,review_medium_gap,Residencial Norte,2022-02-02,Vivienda unifamiliar + Galpón,vivienda,1,,,,82.765,242.36,,
26,20,detail,Calle Pública s/N° (prolongación Calle Alberdi),0100010123270002--017--,0100010123270002--017--,12,327,2,17,-58.16019520,-32.23007342,automatic,missing_address_point,Urbana 2,2022-02-02,Local comercial,comercial,,1,,,,,,45.15
27,31,detail,M. Lima N° 851 esq Bvard Sanguinetti N°,0100010000000517--012--,0100010000000517--012--,0,0,517,12,-58.15521743,-32.22071090,automatic,verified_close,Urbana,2022-02-14,Vivienda multifmiliar,vivienda,4,,,,149.32,,,
28,30,detail,Bvard Sanguinetti N° 512,0100010000000517--016--,0100010000000517--016--,0,0,517,16,-58.15537857,-32.22066971,automatic,verified_close,Urbana,2022-02-14,Vivienda unifamiliar,vivienda,1,,,,61.49,,,
29,23,detail,Los Jacarandaes s/N° - Los Bretes,0100010170030004--030--,0100010170030004--030--,17,3,4,30,-58.13255361,-32.24444272,automatic,missing_address_point,Ampliacion de Actividad Turística Sur,2022-09-02,Vivienda unifamiliar,vivienda,,1,,,,,168.7,
30,22,detail,Leguizamón N° 254 Esq Tucumán,0100010000000030--017--,0100010000000030--017--,0,0,30,17,-58.14248486,-32.23000661,automatic,verified_close,Urbana 1 / Residencial Sur,2022-10-02,Vivienda multifamiliar,vivienda,2,,,,258.05,,,
31,25,detail,Alejo Peyret Nº 546 y Combatientes de Malvinas,0100010000000818--010--,0100010000000818--010--,0,0,818,10,-58.14260875,-32.21079633,automatic,review_large_gap,Prioridad Turística,2022-10-02,Vivienda multifamiliar,vivienda,,,,,,,,
32,26,detail,Bvard Gaillard esq F. Dominchin,0100010123270010--018--,0100010123270010--018--,12,327,10,18,-58.16154292,-32.22911626,automatic,missing_address_point,Urbana 2,2022-10-02,Vivienda multifamiliar,vivienda,2,,,,198.065,,,
33,35,detail,Avda. Pte. Perón N° 52 esq San Martín,0100010000000076--015--,0100010000000076--015--,0,0,76,15,-58.14383059,-32.22377114,automatic,verified_close,Centro,2022-02-15,Local Comercial,comercial,,,1,,,29.4,,91.27
34,28,detail,Hornero s/N°,0100010163070000--003--,0100010163070000--003--,16,307,0,3,-58.16415032,-32.24313138,automatic,missing_address_point,Núcleo Urbano Ampliado,2022-02-14,Vivienda multifamiliar,vivienda,4,,,,350.91,,,
35,37,detail,Emilio Gouchón N° 513,0100010000000091--007--,0100010000000091--007--,0,0,91,7,-58.14484393,-32.22198949,automatic,missing_address_point,Centro,2022-02-17,Vivienda unifamiliar + Local comercial,vivienda,,2,,,,,110.52,178.44
36,37,detail_unassigned,Calle Pública s/N°,0100010112270004--003--,0100010112270004--003--,11,227,4,3,-58.18930072,-32.23947285,automatic,missing_address_point,Nucleo Urbano Ampliado,,Vivienda multifamiliar,vivienda,3,,,,,,,
37,29,detail,Rocamora s/N°,0100011010340352--016--,0100011010340352--016--,101,34,352,16,-58.15928892,-32.22610565,automatic,missing_address_point,Núcleo Urbano Ampliado,2022-02-14,Vivienda unifamiliar,vivienda,,1,,,,,131.63,
38,36,detail,Tucumàn Nº 1190,0100011020270338--017--,0100011020270338--017--,102,27,338,17,-58.15023932,-32.23553354,automatic,verified_close,Urbana 2,2022-02-15,Vivienda unifamiliar,vivienda,,1,,,,,79.6,
39,33,detail,Salsipuedes N° 191,0100010000000011--001--,0100010000000011--001--,0,0,11,1,-58.14976602,-32.22480161,automatic,missing_address_point,Urbana 2,2022-02-14,Vivienda multifamiliar,vivienda,2,,,,43.95,,,
40,32,detail,Bernardino Horne s/Nº,0100010063310000--005--,0100010063310000--005--,6,331,0,5,-58.17275040,-32.21231981,automatic,missing_address_point,Ampliación Turística Norte,2022-02-15,Depósito,depósito,,,,,,,,1636.92
41,34,detail,Combatientes de Malvinas N° 269,0100010000000734--007--,0100010000000734--007--,0,0,734,7,-58.14646770,-32.21310319,automatic,verified_close,Residencial Norte,2022-02-15,Vivienda multifamiliar,vivienda,8,,,,365.31,,,
42,38,detail,Calle Privada s/Nº - Los Bretes,0100010170030004--005--,0100010170030004--005--,17,3,4,5,-58.13237762,-32.24396092,automatic,missing_address_point,Ampliación de Actividad Turística Sur,2022-02-18,Vivienda unifamiliar,vivienda,,,1,,,,,
43,40,detail,Combatientes de Malvinas N° 983,0100011010640000--001--,0100011010640000--001--,101,64,0,1,-58.15807681,-32.22109466,automatic,verified_nearby,Urbana 1,2022-02-22,Vivienda multifamiliar,vivienda,2,,,,140.47,,,
44,41,detail,Sauce s/N° - Loteo Urugua-I,0100010063670001--013--,0100010063670001--013--,6,367,1,13,-58.15718023,-32.20507037,automatic,missing_address_point,Ampliación turística sur,2022-02-24,Vivienda multifamiliar,vivienda,,4,,,,,263.49,
45,45,detail,Reibel s/N°,0100010000000059--017--,0100010000000059--017--,0,0,59,17,-58.14142030,-32.22797780,automatic,missing_address_point,Residencial Sur,2022-10-03,Vivienda unifamiliar,vivienda,,1,,,,,66.2,
46,43,detail,Calle Privada s/Nº - Los Bretes,0100010170030002--002--,0100010170030002--002--,17,3,2,2,-58.13483185,-32.24398946,automatic,missing_address_point,Ampliacion turistica Sur,2022-10-03,Vivienda unifamiliar,vivienda,,1,,,,,176.92645,
47,44,detail,Calle Juan Carlos Pozzi s/Nª,0100010151110002--001--,0100010151110002--001--,15,111,2,1,-58.20897780,-32.26825048,automatic,missing_address_point,Qzona de Quintas,2022-10-03,Vivienda unifamiliar,vivienda,,1,,,,,59.34,
48,56,detail,Tratado del Pilar N° 122,0100010000000802--003--,0100010000000802--003--,0,0,802,3,-58.14424663,-32.21156458,automatic,verified_nearby,Prioridad Turistica Norte,2022-03-22,Apart Hotel,turistico,,,1,,64.2,,,
49,46,detail,Madre Isabel Fernandez N° esq. Noailles N°,0100010000000294--019--,0100010000000294--019--,0,0,294,19,-58.15375835,-32.23516700,automatic,missing_address_point,Urbana 1,2022-03-16,Vivienda unifamiliar,vivienda,1,,,,87.52,,,
50,42,detail,Bvard. González N° 584,0100011020810523--009--,0100011020810523--009--,102,81,523,9,-58.13947159,-32.23575948,automatic,missing_address_point,Urbana,2022-09-03,Vivienda unifamiliar,vivienda,,1,,,,,74.93,
51,48,detail,Karai Yamandú s/Nº,0100010113100001--008--,0100010113100001--008--,11,310,1,8,-58.17034007,-32.22900824,automatic,missing_address_point,Núcleo Urbano Ampliado,2022-03-18,Vivienda unifamiliar,vivienda,,1,,,,,60,
52,49,detail,9 de Mayo N° 328,0100011020080258--008--,0100011020080258--008--,102,8,258,8,-58.15273795,-32.23895671,automatic,review_large_gap,Urbana 2,2022-03-18,Vivienda multifamiliar,vivienda,,1,,,,,169.395,
53,49,detail_continuation,9 de Mayo N° 332,0100011020160272--016--,0100011020160272--016--,102,16,272,16,-58.15171520,-32.23852878,automatic,review_large_gap,,,Vivienda multifamiliar,vivienda,1,,,,,70.8,,
54,54,detail,Calle Privada s/Nº - Los Bretes,0100010170030002--002--,0100010170030002--002--,17,3,2,2,-58.13483185,-32.24398946,automatic,missing_address_point,Ampliación Turística Sur,2022-03-21,Vivienda unifamiliar,vivienda,,1,,,,,254.42,
55,55,detail,"Avda. Urquiza N°170, 172 y 174",0100010000000187--011--,0100010000000187--011--,0,0,187,11,-58.13603380,-32.22072157,automatic,verified_close,Centro,2022-03-22,Local comercial + Vivienda unifamiliar,vivienda,2,,,,,22.85,,
56,51,detail,Calle Pública s/N°,0100010151110002--005--,0100010151110002--005--,15,111,2,5,-58.20927275,-32.26757452,automatic,missing_address_point,Zona de Quintas,2022-03-21,Vivienda unifamiliar,vivienda,,1,,,,,60,
57,50,detail,Emilio Gouchón N° 1173,0100010000000347--009--,0100010000000347--009--,0,0,347,9,-58.15567276,-32.22967756,automatic,verified_close,Urbana 1,2022-03-21,Vivienda unifamiliar,vivienda,1,,,,161.77,,,
58,53,detail,Alberdi N° 881,0100010000000512--013--,0100010000000512--013--,0,0,512,13,-58.15194788,-32.22468005,automatic,verified_close,Urbana 1,2022-03-22,Vivienda multifamiliar,vivienda,2,,,,203.63,,,
59,72,detail,Bvard Ferrari N°,0100011020400364--014--,0100011020400364--014--,102,40,364,14,-58.14769258,-32.23624149,automatic,missing_address_point,Urbana 2,2022-11-04,Vivienda unfifamiliar,vivienda,1,,,,49.98,,,
60,72,detail_continuation,,,,,,,,,,automatic,missing_both_points,,,Cancha Futbol 5,cancha futbol 5,1,,,,,77.315,,
61,72,detail_continuation,,,,,,,,,,automatic,missing_both_points,,,,sin destino,,,,,,,,
62,58,detail,Avda. Gral. Urquiza N° 1174 / 1180,0100010000000342--005--,0100010000000342--005--,0,0,342,5,-58.15256815,-32.23283689,automatic,verified_close,Urbana 2,2022-03-23,Local comercial,comercial,1,,,,,149.36,,
63,57,detail,"Madre Isabel Fernandez N° 251, 257",0100011020160273--014--,0100011020160273--014--,102,16,273,14,-58.15238499,-32.23697346,automatic,missing_address_point,URBANA 2,2022-03-22,Vivienda multifamiliar,vivienda,2,,,,123.525,,,
64,59,detail,Gómez Miranda N° 148 esq Noailles,0100010000000341--002--,0100010000000341--002--,0,0,341,2,-58.15201014,-32.23381269,automatic,missing_address_point,URBANA 1,2022-03-29,Vivienda unifamiliar,vivienda,,1,,,,,63.57,
65,60,detail,Los Zorzales s/N°,0100010190020000--014--,0100010190020000--014--,19,2,0,14,-58.23718566,-32.31878032,automatic,missing_address_point,Ampliación turística sur,,Galpón - Hangar,galpón - hangar,1,1,,,,,,
66,61,detail,Alberdi Nº 531,0100010000000093--010--,0100010000000093--010--,0,0,93,10,-58.14626760,-32.22062747,automatic,missing_address_point,Residencial Norte,2022-03-30,Vivienda unifamiliar,vivienda,,1,,,,,60,
67,63,detail,Calle Algarrobo s/Nº,0100010113100001--015--,0100010113100001--015--,11,310,1,15,-58.17178250,-32.22977138,automatic,missing_address_point,Núcleo Urbano Ampliado,2022-03-30,Vivienda unifamiliar,vivienda,1,,,,,,126.86,
68,64,detail,Balcarce Nº 617,0100010000000735--010--,0100010000000735--010--,0,0,735,10,-58.14760988,-32.21246549,automatic,verified_close,Residencial Norte,2022-03-30,Vivienda multifamiliar,vivienda,5,,,,7.18,,,
69,62,detail,Sourigues N° 512,,,,,,,,,automatic,missing_cadastral_point,4,2022-03-30,Vivienda unifamiliar,vivienda,,1,,,,,144.26,
70,67,detail,Lopez Jordan s/N°,0100010123240000--026--,0100010123240000--026--,12,324,0,26,-58.15473320,-32.24150512,automatic,missing_address_point,Núcleo Urbano Ampliado,2022-04-04,Vivienda multifamiliar + Locales comerciales,vivienda,7,,,,214.225,538.365,,
71,65,detail,Pasaje Maneno Sosan Nº 185,0100010000000403--013--,0100010000000403--013--,0,0,403,13,-58.15408799,-32.22810958,automatic,missing_address_point,Urbana 1,2022-03-31,Vivienda multifamiliar,vivienda,,,,,72.77,,,
72,66,detail,Avda Paysandú N° 1110,0100011010480380--007--,0100011010480380--007--,101,48,380,7,-58.15856618,-32.22495939,automatic,verified_close,Urbana 2,2022-03-31,Vivienda multifamiliar + Local comercial,vivienda,2,1,,,,,,80
73,69,detail,Sarmiento s/N°,0100010000000754--012--,0100010000000754--012--,0,0,754,12,-58.14519133,-32.21345060,automatic,missing_address_point,Residencial Norte,,Vivienda multifamiliar,vivienda,,,,,,,459.4327,
74,68,detail,Colibrí N°,0100010112890000--016--,0100010112890000--016--,11,289,0,16,-58.17253551,-32.24161663,automatic,missing_address_point,Núcleo Urbano Ampliado,2022-04-04,Vivienda unifamiliar,vivienda,,1,,,,,68.95,
75,71,detail,Echagûe s/Nº,0100010000000007--006--,0100010000000007--006--,0,0,7,6,-58.14688838,-32.22800740,automatic,missing_address_point,Nùcleo Urbano Ampliado,2022-11-04,Vivienda unifamiliar,vivienda,1,,,,73.53,,,
76,74,detail,Calle Pública s/Nº,0100010123250001--004--,0100010123250001--004--,12,325,1,4,-58.16131472,-32.23899351,automatic,missing_address_point,Núcleo Urbano Ampliado,2022-04-13,Vivienda unifamiliar,vivienda,,1,,,,,59.9,
77,73,detail,Salsipuedes s/N°,0100010123270006--001--,0100010123270006--001--,12,327,6,1,-58.16428446,-32.23148964,automatic,missing_address_point,Urbana 2,2022-12-04,Vivienda unifamiliar,vivienda,,1,,,,,101.7,
78,70,detail,Dr. José Miguel Díaz Vélez N°,0100010123270002--009--,0100010123270002--009--,12,327,2,9,-58.16056356,-32.23001545,automatic,missing_address_point,Urbana 2,2022-11-04,Vivienda unifamiliar,vivienda,1,1,,,56.815,,59.97,
79,167,detail,Avda Quirós N° 128,0100010000000228--003--,0100010000000228--003--,0,0,228,3,-58.13568952,-32.21630679,automatic,missing_address_point,Residencial Norte,,Vivienda unifamiliar,vivienda,,,1,,16.22,,115.24,
80,76,detail,Girard N° 136,0100010000000276--002--,0100010000000276--002--,0,0,276,2,-58.15466436,-32.23562110,automatic,missing_address_point,Urbana 1,2022-04-13,Galpón / Depósito,galpón / depósito,,1,,,,,,104.85
81,75,detail,Paso de Los Andes esq 9 de Julio,0100010000000123--009--,0100010000000123--009--,0,0,123,9,-58.14475222,-32.21831061,automatic,review_large_gap,,2022-04-13,,sin destino,,,,,,,,
82,75,detail_continuation,9 de Julio Nº,,,,,,,,,automatic,missing_both_points,,,Vivienda unifamiliar,vivienda,,1,,,5.3,,,
83,75,detail_continuation,9 de Julio Nº,,,,,,,,,automatic,missing_both_points,,,,sin destino,,,,,3.85,,,
84,77,detail,Noailles N° 1118,0100010112470003--001--,0100010112470003--001--,11,247,3,1,-58.18346510,-32.24504298,automatic,review_large_gap,Nucleo Urbano Ampliado,2022-03-05,Vivienda unifamiliar,vivienda,,1,,,,,52.055,
85,79,detail,Calle Pública s/N°,0100010162880000--005--,0100010162880000--005--,16,288,0,5,-58.16616945,-32.24311860,automatic,missing_address_point,Núcleo Urbano Ampliado,2022-04-05,Vivienda multifamiliar,vivienda,,1,,,,,375.035,
86,89,detail,"Ruta Nac. Nº 14, km 145,5",0100010190010000--090--,0100010190010000--090--,19,1,0,90,-58.24383187,-32.29671654,automatic,missing_address_point,Núcleo Urbano Ampliado,2022-05-19,Vivienda unifamiliar,vivienda,1,,,,200.435,367.05,,
87,78,detail,Cipriano Berín Nº,0100010000000502--019--,0100010000000502--019--,0,0,502,19,-58.14553019,-32.23136732,automatic,missing_address_point,Urbana 1,2022-04-05,Vivienda unifamiliar,vivienda,1,,,,141.975,,,
88,82,detail,Alberdi N° 630,0100010000000068--017--,0100010000000068--017--,0,0,68,17,-58.14730125,-32.22188354,automatic,verified_close,URBANA 1,2022-06-05,Vivienda multifamiliar,vivienda,1,,1,,61.665,,12.58,
89,88,detail,Alberdi Nº 883,0100010000000512--005--,0100010000000512--005--,0,0,512,5,-58.15209627,-32.22460040,automatic,verified_close,Urbana 2,2022-05-16,Galpón / Depósito,galpón / depósito,1,,,,,360.105,,
90,80,detail,Juan A Fernandez esq C Benegas,0100010151110003--001--,0100010151110003--001--,15,111,3,1,-58.20780103,-32.26711216,automatic,missing_address_point,Nucleo Urbano Ampliado (Loteo San Juan),2022-04-05,Vivienda unifamiliar,vivienda,,1,,,,,94.1,
91,81,detail,"San Martín N° 193, esq Lavalle",0100010000000184--013--,0100010000000184--013--,0,0,184,13,-58.13785153,-32.21946074,automatic,verified_close,Centro,2022-05-05,"Centro del Ojo, Local comercial",comercial,,,1,,,23.48,,52.3
92,145,detail,Reibel esq. Hernández,0100010000000106--016--,0100010000000106--016--,0,0,106,16,-58.13949877,-32.22653960,automatic,missing_address_point,Residencial Sur,2022-04-07,Vivienda unifamiliar,vivienda,1,,,,96.075,,,
93,83,detail,Espinillo s/Nº,0100010063670002--004--,0100010063670002--004--,6,367,2,4,-58.15728260,-32.20616810,automatic,missing_address_point,Ampliaciòn Actividad Turìstica Norte,2022-05-05,Vivienda unifamiliar,vivienda,,1,,,,,61.6,
94,85,detail,Tala s/Nº,,,,,,,,,automatic,missing_both_points,Ampliación de Actividad Turística Norte,2022-06-05,Vivienda multifamiliar,vivienda,,,2,,44.085,,,
95,84,detail,Calle Artalaz S/N°,0100010063410000--011--,0100010063410000--011--,6,341,0,11,-58.16345092,-32.21600369,automatic,missing_address_point,Ampliación Actividad Turística Norte,2022-05-05,Vivienda unifamiliar,vivienda,1,,,,184.85,,,
96,87,detail,Salsipuedes s/N°,0100010123270006--006--,0100010123270006--006--,12,327,6,6,-58.16426346,-32.23135699,automatic,missing_address_point,Urbana 2,2022-05-05,Vivienda unifamiliar,vivienda,,1,,,,,49.5,
97,86,detail,Noailles N° 1118,0100011020420368--010--,0100011020420368--010--,102,42,368,10,-58.15045606,-32.23327894,automatic,verified_close,Urbana 2,2022-06-05,Vivienda multifamiliar,vivienda,1,1,,,,,,
98,90,detail,Sarmiento Nº 144,0100010000000155--002--,0100010000000155--002--,0,0,155,2,-58.14013869,-32.21909151,automatic,verified_close,Residencial Norte,2022-05-16,Vivienda multifamiliar,vivienda,2,,,,66.81,,,
99,93,detail,Calle Privada s/Nº - Los Bretes,0100010170030006--010--,0100010170030006--010--,17,3,6,10,-58.13174467,-32.24508130,automatic,missing_address_point,Ampliaciòn Actividad Turìstica Sur,2022-05-16,Vivienda unifamiliar,vivienda,,1,,,,,271.935,
100,92,detail,Calle Pública s/N°,0100010170020000--060--,0100010170020000--060--,17,2,0,60,-58.14684876,-32.25042099,automatic,missing_address_point,Chacras,2022-05-16,Vivienda multifamiliar,vivienda,2,,,,184.8,,,
101,105,detail,Alberdi Nº 856,0100010000000511--001--,0100010000000511--001--,0,0,511,1,-58.15138010,-32.22490357,automatic,verified_close,Urbana 1,2022-05-27,Locales comerciales,comercial,,,1,,,,,450.71
102,95,detail,E. Gouchón N° 648,0100010000000066--016--,0100010000000066--016--,0,0,66,16,-58.14596692,-32.22344789,automatic,verified_close,Urbana 1,2022-05-30,Vivienda multifamiliar,vivienda,2,,,,74.84,,,
103,97,detail,Calle Privada s/Nº - Los Bretes,0100010170030006--003--,0100010170030006--003--,17,3,6,3,-58.13237559,-32.24493623,automatic,missing_address_point,Ampliación turística sur,2022-05-19,Vivienda unifamiliar,vivienda,,1,,,,,252.11,
104,91,detail,Calle Timbó s/N°,0100010113100002--011--,0100010113100002--011--,11,310,2,11,-58.16890507,-32.22993956,automatic,missing_address_point,Nucleo Urbano Ampliado,2022-05-16,Vivienda multifamiliar + Galpón  / Depósito,vivienda,,,,,,,,
105,108,detail,Calle Jacarandaes s/N° - Los Bretes,0100010170030004--024--,0100010170030004--024--,17,3,4,24,-58.13428382,-32.24493035,automatic,missing_address_point,Ampliación actividad Turística Sur,2022-05-27,Vviienda unifamiliar,vviienda unifamiliar,,1,,,,,170.54,
106,94,detail,"Ruta Nº 135, km ..",0100010113080000--001--,0100010113080000--001--,11,308,0,1,-58.16782987,-32.23854470,automatic,missing_address_point,Ejido,2022-05-17,Galpón / Depósito,galpón / depósito,,1,,,,,,787.5
107,96,detail,Calle Privada s/Nº - Los Bretes,0100010170030008--004--,0100010170030008--004--,17,3,8,4,-58.12946833,-32.24378047,automatic,missing_address_point,Núcleo Urbano Ampliado,2022-05-19,Vivienda unifamiliar,vivienda,,1,,,,,206.095,
108,100,detail,Bernardino Horne s/Nº,0100010063310000--005--,0100010063310000--005--,6,331,0,5,-58.17275040,-32.21231981,automatic,missing_address_point,Ampliación Turística Norte,2022-02-15,Depósito,depósito,,1,,,,20,,1636.92
109,98,detail,"Ruta Nac N° 135, km",0100010180030000--034--,0100010180030000--034--,18,3,0,34,-58.21338265,-32.30211817,automatic,missing_address_point,Ampliación turística sur,2022-05-20,Local Comercial - Depósito,comercial,,1,,,,,,1582.105
110,99,detail,CalleIsabel Fernandez esq Mitre N° 1404,0100011020160272--001--,0100011020160272--001--,102,16,272,1,-58.15172346,-32.23770088,automatic,review_medium_gap,Urbana 2,2022-05-23,Vivienda unifamiliar,vivienda,,,1,,,,173.485,
111,104,detail,Benteveo N°,0100010112470005--003--,0100010112470005--003--,11,247,5,3,-58.18255993,-32.24559441,automatic,missing_address_point,Nucleo Urbano Ampliado,2022-05-24,Vivienda unifamiliar,vivienda,1,,,,74.92,,,
112,101,detail,Canton de Valais Nº 162,0100010000000478--005--,0100010000000478--005--,0,0,478,5,-58.14775793,-32.23045565,automatic,verified_nearby,Urbana,2022-05-23,Cochera semicubierta,cochera semicubierta,,1,,,,,,10
113,102,detail,Rebord Nº 171,0100011020420368--002--,0100011020420368--002--,102,42,368,2,-58.15020258,-32.23337431,automatic,verified_close,Urbana 2,2022-05-23,Vivienda multifamiliar,vivienda,2,,,,205.775,,,
114,103,detail,Calle Sauce s/Nº,0100010063310006--001--,0100010063310006--001--,6,331,6,1,-58.17219280,-32.21112946,automatic,missing_address_point,Ampliación Actividad Turística Norte,2022-05-24,Vivienda unifamiliar,vivienda,,1,,,,,60,
115,109,detail,"Sourigues N° 355, esq Bvard Gaillard N° 447",0100010000000668--013--,0100010000000668--013--,0,0,668,13,-58.14642804,-32.21818643,automatic,verified_close,Residencial Norte,2022-05-27,Vivienda multifamiliar,vivienda,5,,,,260.815,,,
116,107,detail,25 de Mayo N° 187,0100010000000112--005--,0100010000000112--005--,0,0,112,5,-58.13846457,-32.22523815,automatic,verified_close,Residencial Sur,2022-05-27,Vivienda multifamiliar,vivienda,2,,,,203.465,,,
117,110,detail,"Vergniaud N° 3, 37, 41",0100010000000454--008--,0100010000000454--008--,0,0,454,8,-58.15066806,-32.22932018,automatic,missing_address_point,Urbana 1,2022-05-30,Vivienda multifamiliar + Local Comercial,vivienda,2,4,,,,,196.425,
118,106,detail,"Ruta Nac Nº 135, km 6,5",0100010112900000--001--,0100010112900000--001--,11,290,0,1,-58.17433232,-32.23717643,automatic,missing_address_point,Núcleo Urbano Ampliado,2022-02-06,Plana Industrial,productivo,1,,,,,313.63,,
119,111,detail,Calle Pública s/Nº - Loteo Ayres 1842,0100010112470003--004--,0100010112470003--004--,11,247,3,4,-58.18305620,-32.24449536,automatic,missing_address_point,Núcleo Urbano Ampliado,2022-07-06,Vivienda unifamilair,vivienda,,1,,,,,116.25,
120,125,detail,Castelli N.º 318,0100010000000056--011--,0100010000000056--011--,0,0,56,11,-58.14073393,-32.23025033,automatic,verified_close,Residencial Sur,2022-10-06,Vivienda multifamiliar,vivienda,8,,,,222,,,
121,117,detail,Rocamora Nº 1235,0100011010340326--001--,0100011010340326--001--,101,34,326,1,-58.16028019,-32.22675081,automatic,missing_address_point,Urbana 2,2022-09-06,Vivienda multifamiliar,vivienda,,,1,,,,116.5,
122,142,detail,Luís Federico Leloir N.º e/J. M. de Rosas y Artalaz (Loteo Heis de Bogado),0100010063540000--089--,0100010063540000--089--,6,354,0,89,-58.16012735,-32.21089409,automatic,missing_address_point,Ampliación turística norte,2022-04-07,Vivienda multifamiliar,vivienda,2,2,,,63.6,,,
123,124,detail,Pozzi y Benegas s/Nº,0100010151110002--001--,0100010151110002--001--,15,111,2,1,-58.20897780,-32.26825048,automatic,missing_address_point,Zona de Quintas,2022-10-06,Vivienda unifamiliar,vivienda,,1,,,,,198.965,
124,212,detail,Ibirá Pitá s/Nº - Los Bretes,0100010000000002--010--,0100010000000002--010--,0,0,2,10,-58.14382817,-32.23149825,automatic,missing_address_point,Ampliacion Actividad Turística Sur,2022-09-15,Vivienda unifamiliar,vivienda,1,,,,318.63,,,
125,123,detail,Avda. Quirós esq Pasaje Velazco,0100010000000137--017--,0100010000000137--017--,0,0,137,17,-58.13490729,-32.22653642,automatic,missing_address_point,Residencial Sur,2022-10-06,Vivienda multifamiliar,vivienda,6,,,,116.4,,,
126,116,detail,Ñandubay s/Nº,0100010063550006--002--,0100010063550006--002--,6,355,6,2,-58.16219345,-32.20946617,automatic,missing_address_point,Ampliaciòn de Actividad Tuística Norte,2022-08-06,Vivienda unifamiliar,vivienda,1,,,,86.765,,,
127,115,detail,Paso de los Andes N°,0100010123270005--001--,0100010123270005--001--,12,327,5,1,-58.16326041,-32.23081805,automatic,missing_address_point,Urbana 2,2022-08-06,Vivienda unifamiliar,vivienda,,1,,,,,51.865,
128,114,detail,Avda. Pte. Peròn N° 156,0100010000000074--007--,0100010000000074--007--,0,0,74,7,-58.14530901,-32.22233976,automatic,verified_close,Centro,2022-07-06,Local comercial,comercial,,,2,,,,,242.6
129,113,detail,Bvard Gaillard Nº 781,0100010000000543--010--,0100010000000543--010--,0,0,543,10,-58.15170477,-32.22188264,automatic,verified_close,Urbana 1,2022-07-06,Vivienda multifamiliar,vivienda,1,1,,,,,60.925,
130,112,detail,Calle Privada s/Nº - Los Bretes,0100010170030004--027--,0100010170030004--027--,17,3,4,27,-58.13371635,-32.24481805,automatic,missing_address_point,Ampliacion Actividad Turística Sur,2022-07-06,Vivienda unifamiliar,vivienda,,1,,,,,169.34,
131,121,detail,Salsipuedes s/Nº,,,,,,,,,automatic,missing_both_points,Urbana 2,2022-09-06,Vivienda unifamiliar + Local comercial,vivienda,,1,,,,,56.31,56.31
132,118,detail,,0100011010620461--001--,0100011010620461--001--,101,62,461,1,-58.15526645,-32.22373178,automatic,missing_address_point,Urbana 2,2022-09-06,Local comercial,comercial,1,,,,,218.58,,
133,120,detail,Bvard Ferrari N° esq. Herández,0100010000000648--016--,0100010000000648--016--,0,0,648,16,-58.13728817,-32.22881665,automatic,missing_address_point,Residencial Norte,2022-09-06,Vivienda unifamiliar + Local comercial,vivienda,1,,1,,,71.65,,
134,127,detail,Calle Tala s/Nº,0100010063670000--002--,0100010063670000--002--,6,367,0,2,-58.15700618,-32.20703555,automatic,missing_address_point,Ampliación Actividad Turística Norte,2022-06-13,Vivieida unifamiliar,vivieida unifamiliar,1,,,,105.3,,,
135,119,detail,Salsipuedes s/Nº,0100010123270008--009--,0100010123270008--009--,12,327,8,9,-58.16422137,-32.23021862,automatic,missing_address_point,Urbana 2,2022-09-06,Vivienda multifamiliar,vivienda,,2,,,,,120.5,
136,122,detail,3 de Febrero N° 469,0100010000000777--015--,0100010000000777--015--,0,0,777,15,-58.14329203,-32.21311600,automatic,verified_close,Residencial Norte,2022-10-06,Local Comercial,comercial,,1,,,,,,30.79
137,129,detail,,,,,,,,,,automatic,missing_both_points,Núcleo Urbano Ampliado,2022-06-14,Galpones - EMC,galpones - emc,1,,,,,3209.95,,
138,129,detail_continuation,,,,,,,,,,automatic,missing_both_points,,,,sin destino,1,,,,,5532.62,,
139,126,detail,Dominchin s/Nº,0100010123270002--015--,0100010123270002--015--,12,327,2,15,-58.16060486,-32.22992562,automatic,missing_address_point,Urbana 2,2022-10-06,Local comercial,comercial,1,,,,,100.24,,
140,128,detail,Río Iguazú N°,0100011020400391--011--,0100011020400391--011--,102,40,391,11,-58.14549506,-32.23667081,automatic,missing_address_point,,2022-06-13,Vivienda multifamiliar,vivienda,2,,,,83.5,,,
141,130,detail,Balcarce N° 413,0100010000000731--011--,0100010000000731--011--,0,0,731,11,-58.14458757,-32.21549399,automatic,verified_close,Residencial Norte,2022-06-15,Vivienda multifamiliar,vivienda,4,,,,157.265,,,
142,131,detail,Rocamora N° 1077,0100011010480408--006--,0100011010480408--006--,101,48,408,6,-58.15788128,-32.22487987,automatic,review_medium_gap,Urbana 2,2022-06-15,Cochera semicubierta,cochera semicubierta,1,,,,13.5,,,
143,132,detail,Noailles Nº 469,0100010000000104--008--,0100010000000104--008--,0,0,104,8,-58.14019781,-32.22527744,automatic,verified_close,Centro,2022-06-16,Vivienda unifamiliar,vivienda,1,,,,190.445,,,
144,133,detail,Las Piedras s/Nº,0100011020410366--002--,0100011020410366--002--,102,41,366,2,-58.14897623,-32.23533950,automatic,missing_address_point,Urbana,2022-06-16,Vivienda unifamiliar,vivienda,,1,,,,,71.2,
145,135,detail,J.M. de Rosas s/N° y L. F. Leloir S/N°,0100010063540000--052--,0100010063540000--052--,6,354,0,52,-58.15931331,-32.21043826,automatic,missing_address_point,Ampliación de Actividad Turística Norte,2022-06-21,Vivienda multifamiliar,vivienda,5,,,,303.63,,,
146,134,detail,Los Lapachos s/Nº - Los Bretes,0100010170030004--004--,0100010170030004--004--,17,3,4,4,-58.13276931,-32.24409950,automatic,missing_address_point,Ampliación Turística Sur,2022-06-21,Vivienda unifamiliar,vivienda,,1,,,,,178.255,
147,136,detail,L. N. Alem N° 93,0100010000000159--004--,0100010000000159--004--,0,0,159,4,-58.13723268,-32.22206222,automatic,verified_close,Centro,2022-06-22,Vivienda unifamiliar + Local comercial,vivienda,3,,1,,,,36.75,
148,137,detail,Chacabuco Nº 1173,0100010000000348--007--,0100010000000348--007--,0,0,348,7,-58.15625594,-32.22890689,automatic,verified_close,,2022-06-23,Vivienda multifamiliar,vivienda,2,,,,218.53,,,
149,138,detail,Reibel N° 883,0100010000000503--019--,0100010000000503--019--,0,0,503,19,-58.14599550,-32.23066262,automatic,verified_close,Urbana 1,2022-06-24,Galpón / depósito,galpón / depósito,1,,,,136.25,280.32,,
150,141,detail,Moreno Nº 780,0100010000000024--017--,0100010000000024--017--,0,0,24,17,-58.14517380,-32.22847783,automatic,verified_close,Urbana 1,2022-04-07,Estacionamiento,estacionamiento,,1,,,,,,493.24
151,144,detail,Gral. Artigas N° 121,0100010000000104--003--,0100010000000104--003--,0,0,104,3,-58.14017171,-32.22490702,automatic,verified_close,Centro,2022-04-07,Vivienda unifamiliar,vivienda,1,,,,43.7,,,
152,148,detail,Calle Privada s/Nº - Los Bretes,0100010170030001--001--,0100010170030001--001--,17,3,1,1,-58.13559285,-32.24402229,automatic,missing_address_point,Ampliación actividad Turística Sur,2022-06-07,Vivienda unifamiliar,vivienda,,1,,,,,181.37,
153,139,detail,Alberdi s/N°,0100010123270004--001--,0100010123270004--001--,12,327,4,1,-58.16251383,-32.23062640,automatic,missing_address_point,Urbana 2,2022-04-07,Local comercial,comercial,,1,,,,,,27
154,140,detail,Calle Privada s/Nº - Los Bretes,0100010170030002--021--,0100010170030002--021--,17,3,2,21,-58.13515686,-32.24460348,automatic,missing_address_point,Ampliación turística sur,2022-04-07,Vivienda unifamiliar,vivienda,,1,,,,,175.01,
155,151,detail,Calle Pública s/N°,0100010063310001--010--,0100010063310001--010--,6,331,1,10,-58.17012017,-32.20931552,automatic,missing_address_point,Ampliación Actividad Turística Norte,2022-07-07,Vivienda multifamiliar,vivienda,2,,,,163.755,,,
156,150,detail,"Bvard Gaillard N° 732, 734",0100010000000042--006--,0100010000000042--006--,0,0,42,6,-58.15055162,-32.22166330,automatic,verified_close,Urbana 1,2022-07-07,Vivienda multifamiliar + Local comercial,vivienda,4,,,,108.22,36.485,,
157,149,detail,Pte. Perón esq- Combatientes de Malvinas,0100010000000634--012--,0100010000000634--012--,0,0,634,12,-58.15042819,-32.21648401,automatic,missing_address_point,Residencial Norte,2022-07-07,Oficina,oficina,1,,,,,14.32,,
158,143,detail,Calle Pública s/Nº,0100010170020000--142--,0100010170020000--142--,17,2,0,142,-58.14436538,-32.25105314,automatic,missing_address_point,,2022-04-07,Vivienda unifamiliar,vivienda,,1,,,,,193.11,
159,152,detail,"Sourigues N° 389, 395, 397 esq. Rocamora",0100010000000668--001--,0100010000000668--001--,0,0,668,1,-58.14630605,-32.21728698,automatic,verified_nearby,Residencial Norte,2022-07-18,Local comercial,comercial,4,,,,83.94,,,
160,147,detail,Presbitero Cot N° 410,,,,,,,,,automatic,missing_both_points,Residencial Sur,2022-06-07,Vivienda unifamiliar,vivienda,2,,,,30.13,,,
161,146,detail,Bvard Gonzalez N° 220,0100010000000003--017--,0100010000000003--017--,0,0,3,17,-58.14477539,-32.23057838,automatic,verified_close,Urbana 1,2022-06-07,Vivienda unifamiliar,vivienda,1,,,,135.715,,,
162,153,detail,Avda Urquiza N° 156,0100010000000187--001--,0100010000000187--001--,0,0,187,1,-58.13576229,-32.22060582,automatic,verified_close,Centro,2022-07-18,Local comercial,comercial,1,,,,,558.665,,
163,155,detail,Calle Pública s/N°,0100010000000001--008--,0100010000000001--008--,0,0,1,8,-58.14291271,-32.23214563,automatic,missing_address_point,Ampliación Actividad Turística Norte,2022-07-18,Vivienda multifamiliar,vivienda,,4,,,,,159.43,
164,154,detail,Creppy N° 89 esq San Martín,0100010000000037--013--,0100010000000037--013--,0,0,37,13,-58.14700864,-32.22545362,automatic,verified_close,Urbana 1,2022-07-18,Galpón / Depósito,galpón / depósito,1,,,,,300,,
165,154,detail_continuation,,,,,,,,,,automatic,missing_both_points,,,,sin destino,,,,,,251.065,,
166,158,detail,Calle Privada s/Nº - Los Bretes,0100010170030002--021--,0100010170030002--021--,17,3,2,21,-58.13515686,-32.24460348,automatic,missing_address_point,Ampliación Actividad Turística Sur,2022-07-27,Vivienda unifamiliar,vivienda,,1,,,173.045,,,
167,156,detail,12 de Abril N° 300,0100010000000158--013--,0100010000000158--013--,0,0,158,13,-58.13857591,-32.22169413,automatic,verified_close,Centro,2022-07-18,Farmacia,farmacia,1,,,,,179.72,,
168,157,detail,Presbitero Berin N° 229,0100010000000475--021--,0100010000000475--021--,0,0,475,21,-58.14587988,-32.23168224,automatic,verified_close,Urbana 1,2022-07-20,Vivienda unifamiliar,vivienda,1,,,,134.33,,,
169,160,detail,Mitre Nº 775,0100010000000027--006--,0100010000000027--006--,0,0,27,6,-58.14284319,-32.23077818,automatic,verified_close,Urbana 1,2022-07-21,Vivienda multifamiliar,vivienda,4,,,,59.11,,,
170,161,detail,Calle Pùblica s/Nº,0100010112710002--010--,0100010112710002--010--,11,271,2,10,-58.18112552,-32.22833784,automatic,missing_address_point,Nucleo Urbano Ampliado,2022-07-21,Vivienda unifamiliar,vivienda,,1,,,,,96.23,
171,159,detail,"Piamonte N° 227, 229",,,,,,,,,automatic,missing_cadastral_point,Nucleo Urbano Ampliado,2022-07-20,Vivienda multifamiliar,vivienda,3,,,,104.905,,,
172,162,detail,J. Artalaz s/N°,0100010063410000--002--,0100010063410000--002--,6,341,0,2,-58.16365690,-32.21604662,automatic,missing_address_point,Ampliación Actividad Turística Norte,2022-07-22,Vviienda multifamiliar,vviienda multifamiliar,,2,,,,,104.8,
173,164,detail,Batalla de Cepeda N° 319,,,,,,,,,automatic,missing_cadastral_point,Norte,2022-07-27,Vivienda multifamiliar,vivienda,2,,,,186.445,,,
174,165,detail,Piamonte N° esq Tratado del Pilar,0100011010360355--001--,0100011010360355--001--,101,36,355,1,-58.16173634,-32.22327542,automatic,missing_address_point,Urbana 2,2022-07-27,Vivienda unifamiliar,vivienda,,1,,,,,134.8,
175,163,detail,Primera Junta y Bolívar,,,,,,,,,automatic,missing_both_points,Urbana 1,2022-07-27,,sin destino,,,,,,,,
176,166,detail,Combatientes de Malvinas N° 181,0100010000000779--009--,0100010000000779--009--,0,0,779,9,-58.14494887,-32.21194319,automatic,verified_close,Residencial Norte,2022-02-08,Vivienda multifamiliar,vivienda,,,,,46.795,,,
177,167,detail,Avda Quirós N° 128,0100010000000228--003--,0100010000000228--003--,0,0,228,3,-58.13568952,-32.21630679,automatic,missing_address_point,Residencial Norte,2022-02-08,Vivienda unifamiliar,vivienda,,,1,,16.22,,115.24,
178,172,detail,A. Peyret N°,0100010000000227--005--,0100010000000227--005--,0,0,227,5,-58.13555039,-32.21729154,automatic,missing_address_point,Centro,2022-05-08,Vivienda unifamiliar + Local comercial,vivienda,1,,,,118.15,67,,
179,169,detail,Craviotto N°,0100011020260336--016--,0100011020260336--016--,102,26,336,16,-58.14848047,-32.23753425,automatic,missing_address_point,Urbana 1,2022-03-08,Vivienda unifamiliar,vivienda,1,,,,73.41,,,
180,173,detail,E. Gouchón N° 777,0100010000000018--009--,0100010000000018--009--,0,0,18,9,-58.14880810,-32.22480266,automatic,verified_close,Urbana,2022-08-08,Vivienda multifamiliar,vivienda,2,,,,104.02,,,
181,168,detail,Angel Elias esq Calle Pública s/N°,0100010151110004--006--,0100010151110004--006--,15,111,4,6,-58.20650646,-32.26670743,automatic,missing_address_point,Zona de Quintas,2022-03-08,Vivienda unifamiliar,vivienda,,1,,,,,98.35,
182,171,detail,Paso de los Andes N°,0100010123270005--018--,0100010123270005--018--,12,327,5,18,-58.16362727,-32.23100428,automatic,missing_address_point,Urbana 2,2022-04-08,Vivienda unifamiliar,vivienda,1,,,,47.88,,,
183,170,detail,Avda. Pte. Perón N° 77,,,,,,,,,automatic,missing_cadastral_point,Centro,2022-03-08,CARTEL,cartel,,1,,,,,,
184,175,detail,Sarmiento N° 688,0100010000000736--010--,0100010000000736--010--,0,0,736,10,-58.14810109,-32.21166504,automatic,verified_nearby,Residencial Norte,,Vivienda multifamiliar,vivienda,3,,,,149.585,,,
185,174,detail,Combatientes de Malvinas N° 612,0100010000000598--020--,0100010000000598--020--,0,0,598,20,-58.15154126,-32.21722969,automatic,verified_close,Residencial Norte,2022-10-08,Vivienda unifamiliar,vivienda,,1,,,,,59.63,
186,177,detail,Calle Azurduy N°,0100010063310001--001--,0100010063310001--001--,6,331,1,1,-58.16953929,-32.20882788,automatic,missing_address_point,Ampliación Actividad Turístiica Norte,2022-08-16,Vivienda unifamiliar,vivienda,,1,,,,,79.9,
187,178,detail,Rocamora N° 1050,0100011010620435--023--,0100011010620435--023--,101,62,435,23,-58.15688251,-32.22455888,automatic,verified_close,Urbana 2,2022-08-17,Local comercial,comercial,2,,,,,98.2,,
188,176,detail,Paso de los Andes N°,0100010123270008--008--,0100010123270008--008--,12,327,8,8,-58.16380920,-32.23037002,automatic,missing_address_point,Urbana 2,2022-08-16,Vivienda unifamilar,vivienda,,1,,,,,132.5,
189,179,detail,Calle Privada s/Nº - Los Bretes,0100010170030004--003--,0100010170030004--003--,17,3,4,3,-58.13275103,-32.24450863,automatic,missing_address_point,Ampliación Actividad Turística Sur,2022-08-17,Vivienda unifamiliar,vivienda,,1,,,,,287.1,
190,180,detail,Lugones N° 226,0100010063410002--002--,0100010063410002--002--,6,341,2,2,-58.16135609,-32.21564867,automatic,review_large_gap,Residencial Sur,2022-08-17,Vivienda unifamiliar,vivienda,,1,,,,,245.595,
191,181,detail,Calle pública s/N°,0100010112710001--013--,0100010112710001--013--,11,271,1,13,-58.18157948,-32.22871667,automatic,missing_address_point,Núcleo Urbano Amplado,2022-08-18,Vivienda unifamiliar,vivienda,,1,,,,,74.65,
192,182,detail,Calle Pùblica s/Nº,0100010113100002--004--,0100010113100002--004--,11,310,2,4,-58.16691190,-32.22968587,automatic,missing_address_point,Nùcleo Urbano Ampliado,2022-08-19,Vivienda unifamiliar,vivienda,1,,,,57.07,,,
193,184,detail,"12 de Abril N° 268, 270",,,,,,,,,automatic,missing_cadastral_point,Centro,2022-08-22,Local comercial,comercial,,,1,,,"132+116+27,3+120+32,8+1,03/2",,
194,184,detail_continuation,,,,,,,,,,automatic,missing_both_points,,,Local comercial,comercial,,,,,,,,
195,188,detail,Calle Privada s/Nº - Los Bretes,0100010170030004--026--,0100010170030004--026--,17,3,4,26,-58.13374853,-32.24444597,automatic,missing_address_point,Ampliación actividad Turística Sur,2022-08-23,Vivienda unifamiliar,vivienda,1,,,,4.82,,,
196,186,detail,San Martìn Nº 1210,0100010000000318--001--,0100010000000318--001--,0,0,318,1,-58.15433080,-32.23205586,automatic,verified_close,Urbana 1,2022-08-26,Vivienda unifamiliar + Local comercial,vivienda,,,1,,379.275,,31.7,64.3
197,185,detail,Calle Privada s/Nº - Los Bretes,0100010170030004--031--,0100010170030004--031--,17,3,4,31,-58.13304652,-32.24460581,automatic,missing_address_point,Ampliación Actividad Turística Sur,2022-08-22,Vivienda unifamiliar,vivienda,,1,,,,,675.635,
198,185,detail_continuation,,,,,,,,,,automatic,missing_both_points,,,,sin destino,,,,,,,,
199,183,detail,Calle Privada s/Nº - Los Bretes,0100010170030006--012--,0100010170030006--012--,17,3,6,12,-58.13217729,-32.24486505,automatic,missing_address_point,Ampliación Actividad Turística Sur,2022-08-22,Vivienda unifamiliar,vivienda,,1,,,,,181.805,
200,187,detail,"Ruta Nac N° 135, km 11",0100010180030000--038--,0100010180030000--038--,18,3,0,38,-58.20587861,-32.29300128,automatic,missing_address_point,Ampliación actividad Turística Sur,,Local Comercial + Vivienda unifamiliar,vivienda,2,,,,,720.45,,
201,189,detail,Avda Urquiza N° 199,0100010000000186--008--,0100010000000186--008--,0,0,186,8,-58.13663881,-32.22067221,automatic,verified_close,Centro,2022-08-23,Vivienda multifamiliar + Local comercial,vivienda,5,,,,,175.6,,
202,190,detail,Dr. Raúl Alfonsín Nº,0100010000000662--008--,0100010000000662--008--,0,0,662,8,-58.13222129,-32.23218844,automatic,missing_address_point,Residencial Sur,2022-08-24,Vivienda multifamiliar,vivienda,,5,,,,,417.825,
203,191,detail,Avda. Urquiza N°,0100010000000343--006--,0100010000000343--006--,0,0,343,6,-58.15322688,-32.23256468,automatic,missing_address_point,Urbana,2022-08-29,Local comercial,comercial,,1,,,,,,322.89
204,192,detail,Salta N° 391,,,,,,,,,automatic,missing_cadastral_point,Urbana,2022-05-09,Vivienda multifamiliar,vivienda,1,,,,75.37,,,
205,193,detail,Pte Perón N°,,,,,,,,,automatic,missing_both_points,Residencial Norte,2022-08-31,Local comercial,comercial,,1,,,,,,206.2
206,194,detail,Los Cardos esq Calle Pública,0100010112710002--004--,0100010112710002--004--,11,271,2,4,-58.18105699,-32.22778474,automatic,missing_address_point,Nucleo Urbano Ampliado,2022-08-31,Vivienda unifamiliar,vivienda,,1,,,,,60,
207,196,detail,San Martín N° 286,0100010000000157--023--,0100010000000157--023--,0,0,157,23,-58.13908522,-32.22088468,automatic,verified_close,Centro,2022-01-09,Vivienda unifamiliar,vivienda,1,,,,179.9,,,
208,195,detail,San Martín N° 373,0100010000000128--010--,0100010000000128--010--,0,0,128,10,-58.14091801,-32.22167015,automatic,verified_close,Centro,2022-08-31,Vivienda unifamiliar + Local comercial,vivienda,1,,,,116.11,17.79,,
209,198,detail,Lavalle N° 122,,,,,,,,,automatic,missing_cadastral_point,Centro,2022-05-09,Vivienda multifamiliar + Local Comercial,vivienda,,,,,,,1303.825,
210,199,detail,H. Vieytes N° 504,0100010000000591--005--,0100010000000591--005--,0,0,591,5,-58.13716319,-32.23243273,automatic,verified_close,Residencial Sur,2022-06-09,Vivienda multifamiliar,vivienda,4,,,,182.18,,,
211,544293,detail,Calle Pública s/N°,0100010123260006--002--,0100010123260006--002--,12,326,6,2,-58.15940613,-32.23313525,automatic,missing_address_point,Urbana 2,,Vivienda unifamiliar,vivienda,,0,,,,,55.15,
212,545021,detail,Calle Pública s/N°,0100010123260006--002--,0100010123260006--002--,12,326,6,2,-58.15940613,-32.23313525,automatic,missing_address_point,Urbana 2,,Vivienda unifamiliar,vivienda,,1,,,,,55.15,
213,545022,detail,Calle Pública s/N°,0100010123260006--002--,0100010123260006--002--,12,326,6,2,-58.15940613,-32.23313525,automatic,missing_address_point,Urbana 2,,Vivienda unifamiliar,vivienda,,2,,,,,55.15,
214,545023,detail,Calle Pública s/N°,0100010123260006--002--,0100010123260006--002--,12,326,6,2,-58.15940613,-32.23313525,automatic,missing_address_point,Urbana 2,,Vivienda unifamiliar,vivienda,,3,,,,,55.15,
215,267,detail,Hernández s/N°,0100011021110644--008--,0100011021110644--008--,102,111,644,8,-58.13414639,-32.23194584,automatic,missing_address_point,Ampliación de Actividad Turística Norte,2022-12-14,Vivienda multifamiliar,vivienda,,4,,,,,,
216,258,detail,Reybel N° 248,0100010000000167--011--,0100010000000167--011--,0,0,167,11,-58.13524297,-32.22356188,automatic,missing_address_point,Residencial Sur,,Vivienda unifamiliar,vivienda,1,,,,108.27,,,
217,197,detail,Alberdi N° ..,0100010123270006--003--,0100010123270006--003--,12,327,6,3,-58.16452906,-32.23152360,automatic,missing_address_point,Urbana 1,2022-05-09,Vivienda unifamiliar,vivienda,,,1,,,,49.825,
218,200,detail,Lugones N° 13 esq 12 de Abril,0100010000000185--001--,0100010000000185--001--,0,0,185,1,-58.13704220,-32.21931175,automatic,verified_nearby,Centro,2022-07-09,Local comercial,comercial,,,1,,118.16,,60.97,
219,201,detail,"Rocamora N° 1121, 1125",0100011010480380--012--,0100011010480380--012--,101,48,380,12,-58.15838429,-32.22543494,automatic,missing_address_point,URBANA 2,2022-07-09,Galpón / depósito,galpón / depósito,1,,,,,585,,
220,202,detail,Juan Manuel de Rosas N°,0100010053140000--010--,0100010053140000--010--,5,314,0,10,-58.17406661,-32.21440935,automatic,missing_address_point,Ampliación Actividad Turística Norte,2022-08-09,Vivienda unifamiliar,vivienda,,1,,,,,62.05,
221,206,detail,Alberdi N° 720,0100010000000041--016--,0100010000000041--016--,0,0,41,16,-58.14962409,-32.22229413,automatic,verified_nearby,Urbana 1,2022-08-09,Vivienda unifamiliar,vivienda,,1,,,,,66.415,
222,205,detail,Rocamora N° 188,0100010000000775--012--,0100010000000775--012--,0,0,775,12,-58.14251269,-32.21459808,automatic,verified_close,Residencial Norte,2022-08-09,Vivienda multifamiliar,vivienda,1,1,,,,,60,
223,203,detail,Calle Tala s/Nº,0100011030000012--001--,0100011030000012--001--,103,0,12,1,-58.23766079,-32.29592863,automatic,missing_address_point,Ampliación turística norte,2022-08-09,Vivienda multifamiliar,vivienda,,3,,,,,169.485,
224,204,detail,"12 de Abril esq Lavalle N° 2, 8, 10, 12",0100010000000172--005--,0100010000000172--005--,0,0,172,5,-58.13740316,-32.22034108,automatic,review_large_gap,Centro,2022-08-09,Local comercial,comercial,,,3,,,,,
225,207,detail,"12 de Abril N° 158, 162 (160)",0100010000000186--002--,0100010000000186--002--,0,0,186,2,-58.13635136,-32.22008951,automatic,verified_close,Centro,2022-09-13,Local comercial,comercial,,,1,,,,,
226,209,detail,Cabo Pereyra N°,0100010000000283--009--,0100010000000283--009--,0,0,283,9,-58.15895658,-32.23049870,automatic,missing_address_point,Urbana 1,2022-09-13,Local comercial,comercial,,1,,,,,,235.4
227,208,detail,Santa Cruz N° 1015,0100011010620435--010--,0100011010620435--010--,101,62,435,10,-58.15696110,-32.22435159,automatic,missing_address_point,Urbana 2,2022-09-13,Vivivenda unifamiliar,vivivenda unifamiliar,,1,,,,,78.57,
228,210,detail,Colón N° entre Nogoyá y ]Hugues (Colonia Hugues),0100010190010000--074--,0100010190010000--074--,19,1,0,74,-58.23856144,-32.29428413,automatic,missing_address_point,Zona de Quintas,2022-09-14,Vivienda unifamiliar,vivienda,1,,,,136.4,,,
229,211,detail,Sourigues N° 60,0100010000000100--006--,0100010000000100--006--,0,0,100,6,-58.14237610,-32.22271636,automatic,verified_close,Centro,2022-09-14,Cochera,cochera,,,1,,,,47.805,
230,214,detail,Calle Privada s/Nº - Los Bretes,0100010170030003--001--,0100010170030003--001--,17,3,3,1,-58.13227817,-32.24339118,automatic,missing_address_point,Ampliacion Actividad Turística Sur,2022-09-22,Piscina,piscina,,,1,,,,,
231,213,detail,Calle Privada s/Nº - Los Bretes,0100010170030008--006--,0100010170030008--006--,17,3,8,6,-58.12957956,-32.24324954,automatic,missing_address_point,Ampliacion Actividad Turística Sur,2022-09-15,Piscina,piscina,,,1,,,,,
232,217,detail,3 de Febrero N° 449,0100010000000799--013--,0100010000000799--013--,0,0,799,13,-58.14246400,-32.21328527,automatic,verified_close,Prioridad Turística,2022-09-22,Vivienda multifamiliar + Local comercial,vivienda,4,,,,206.4974,100.3776,,
233,220,detail,"San Martín N° 231, 235",0100010000000173--008--,0100010000000173--008--,0,0,173,8,-58.13851181,-32.21985787,automatic,verified_close,Centro,2022-09-22,Vivienda multifamiliar + Local comercial,vivienda,20,,,,45.25,,,
234,224,detail,"Ruta Nac N° 14, km 147",0100010190010000--031--,0100010190010000--031--,19,1,0,31,-58.25333257,-32.29312238,automatic,missing_address_point,Rural,2022-09-23,"Galpón, Depósito","galpón, depósito",1,,,,,866.165,,
235,223,detail,"Avda Urquiza N° 351 y 355, esq. Calle Andrade",0100010000000130--005--,0100010000000130--005--,0,0,130,5,-58.13942000,-32.22272135,automatic,verified_close,Centro,2022-09-23,Vivienda multifamiliar + Local comercial,vivienda,3,,,,152.725,,,
236,215,detail,Calle Privada s/Nº - Los Bretes,0100010170030004--005--,0100010170030004--005--,17,3,4,5,-58.13237762,-32.24396092,automatic,missing_address_point,Ampliacion Prioridad Turística Sur,2022-09-22,Viviienda unifamiliar,viviienda unifamiliar,,1,,,,,283.51,
237,225,detail,M. M. Lima N° 272,0100010000000732--017--,0100010000000732--017--,0,0,732,17,-58.14539210,-32.21417905,automatic,verified_close,Residencial Norte,2022-09-26,Vivienda unifamiliar,vivienda,1,,,,41.5,,,
238,227,detail,Calle Privada s/Nº - Los Bretes,0100010170030003--014--,0100010170030003--014--,17,3,3,14,-58.13193509,-32.24291264,automatic,missing_address_point,Ampliacion Prioridad Turística Sur,2022-09-26,Vivienda unifamiliar,vivienda,1,,,,216.305,,,
239,216,detail,Chacabuco Nº 172,0100010000000182--019--,0100010000000182--019--,0,0,182,19,-58.13932087,-32.21739972,automatic,verified_close,Residencial Norte,2022-09-22,Vivienda multifamiliar,vivienda,,9,,,,,527.6642,28.8408
240,226,detail,,0100010000000428--006--,0100010000000428--006--,0,0,428,6,-58.15149103,-32.22901358,automatic,missing_address_point,,2022-09-26,Vivienda multifamiliar,vivienda,5,,,,91.25,,,
241,222,detail,Juan Carlos Pozzi N°,0100010000000018--004--,0100010000000018--004--,0,0,18,4,-58.14871655,-32.22449822,automatic,missing_address_point,,2022-09-23,Vivienda unifamiliar,vivienda,1,,,,168.395,,,
242,221,detail,San Martín N° 1318,0100010000000279--018--,0100010000000279--018--,0,0,279,18,-58.15636510,-32.23335419,automatic,verified_close,Urbana,2022-09-23,Galpón,galpón,1,,,,,266.8,,
243,221,detail_continuation,,,,,,,,,,automatic,missing_both_points,,,,sin destino,,,,,,,,
244,218,detail,Salsipuedes s/Nª,0100010123270006--011--,0100010123270006--011--,12,327,6,11,-58.16434659,-32.23117749,automatic,missing_address_point,Urbana 2,2022-09-22,Vivienda unifamiliar,vivienda,1,,,,,,76.7,
245,219,detail,Calle Padre Mujica s/N° - Artalaz,0100010063410002--001--,0100010063410002--001--,6,341,2,1,-58.16208768,-32.21602414,automatic,missing_address_point,Zona de ampliación Turística Norte,2022-09-22,Vivienda unifamiliar,vivienda,,1,,,,,138.25,
246,220,detail,"San Martín N° 231, 235",0100010000000173--008--,0100010000000173--008--,0,0,173,8,-58.13851181,-32.21985787,automatic,verified_close,Centro,2022-09-22,Vivienda multifamiliar + local comercial,vivienda,,,,,1271.71,,,
247,228,detail,Paso de los Andes s/N° 1235,0100011010350327--003--,0100011010350327--003--,101,35,327,3,-58.16094462,-32.22598599,automatic,review_medium_gap,Urbana 2,2022-09-28,Galpón depósito,galpón depósito,1,,,,,216,,
248,229,detail,Florentina Gomez Miranda N° 128,0100010000000341--011--,0100010000000341--011--,0,0,341,11,-58.15211287,-32.23361155,automatic,missing_address_point,Florentina Gomez Miranda S/N°,2022-09-28,Vivienda unifamiliar,vivienda,,1,,,,,67.29,
249,233,detail,Calle Artalaz sN°,0100010030500000--002--,0100010030500000--002--,3,50,0,2,-58.23728331,-32.24147538,automatic,missing_address_point,Industrial,2022-05-10,Galpones,galpones,1,,,,,1061.91,,
250,230,detail,"Reybel Nº 138, 140 y 142",0100010000000195--017--,0100010000000195--017--,0,0,195,17,-58.13346284,-32.22227743,automatic,missing_address_point,Residencial Sur,2022-03-10,Vivienda multifamiliar,vivienda,,3,,,,,276.05,
251,231,detail,Calle Colibrí s/N°,0100010112890000--014--,0100010112890000--014--,11,289,0,14,-58.17280848,-32.24105196,automatic,missing_address_point,Nucleo Urbano Ampliado,2022-04-10,Vivienda unifamiliar,vivienda,1,,,,215.49,,,
252,27,detail,Bvard. Ferrari N°,,,,,,,,,automatic,missing_both_points,Residencial Sur,2022-11-02,Vivienda multifamiliar + Local comercial,vivienda,3,,,,121.55,502.65,,
253,232,detail,Calle Pública s/N°,0100010162230005--003--,0100010162230005--003--,16,223,5,3,-58.18185035,-32.25726821,automatic,missing_address_point,Núcleo Urbano Ampliado,2022-06-10,Galpón / Depósito,galpón / depósito,1,,,,,9.98,,
254,234,detail,Juana Azurduy N°,0100010063310002--011--,0100010063310002--011--,6,331,2,11,-58.16897955,-32.21013862,automatic,missing_address_point,Ampliación Actividad Turística Sur,2022-10-13,Vivienda unifamiliar,vivienda,,1,,,,,67.12,
255,236,detail,Benteveo esq Calle Fresno,0100010112470006--003--,0100010112470006--003--,11,247,6,3,-58.18201287,-32.24542181,automatic,missing_address_point,Núcleo Urbano Amplado,2022-10-13,Vivienda unifamiliar,vivienda,1,,,,113.79,,,
256,235,detail,Calle Privada s/Nº - Los Bretes,0100010170030003--023--,0100010170030003--023--,17,3,3,23,-58.13164533,-32.24312310,automatic,missing_address_point,Ampliación Actividad Turística Sur,2022-10-13,Piscina,piscina,,1,,,,,,
257,237,detail,Ruta Nac. N° 135,,,,,,,,,automatic,missing_both_points,Quintas,,Galpón / Aserradero,galpón / aserradero,,,1,,,,,
258,238,detail,Gouchón N° 468,0100010000000098--025--,0100010000000098--025--,0,0,98,25,-58.14398736,-32.22143842,automatic,missing_address_point,Centro,2022-10-18,Local comercial + Oficinas,comercial,,4,,,,,79.4,81.2
259,242,detail,Paso de los Andes N° 522,0100010000000093--018--,0100010000000093--018--,0,0,93,18,-58.14662046,-32.22015031,automatic,missing_address_point,Centro,2022-10-24,Vivienda multifamiliar,vivienda,1,2,,,,,119.95,
260,240,detail,Salsipuedes N°,0100010123270008--009--,0100010123270008--009--,12,327,8,9,-58.16422137,-32.23021862,automatic,missing_address_point,Urbana 2,2022-10-26,Vivienda multifamiliar,vivienda,2,,,,,,,
261,247,detail,Elías s/N°,0100010151110016--003--,0100010151110016--003--,15,111,16,3,-58.20480959,-32.27059427,automatic,missing_address_point,Zona de Quintas,2022-10-31,Vivienda unifamiliar,vivienda,,1,,,,,122.52,
262,239,detail,"Sourigues N° 126, 130, 132, 136",0100010000000099--002--,0100010000000099--002--,0,0,99,2,-58.14339307,-32.22170018,automatic,verified_close,Residencial Norte,,Vivienda multifamiliar,vivienda,4,,,,21.775,,,
263,241,detail,Belgrano N° 75,0100010000000212--015--,0100010000000212--015--,0,0,212,15,-58.13632543,-32.21797488,automatic,verified_close,Centro,2022-10-26,Vivienda unifamiliar,vivienda,1,,,,156.1,,,
264,243,detail,Avda. Fresno s/N°,0100010112470003--007--,0100010112470003--007--,11,247,3,7,-58.18290728,-32.24509364,automatic,missing_address_point,Nucleo Urbano Ampliado,2022-10-25,Vivienda multifamiliar,vivienda,1,1,,,8.57,,156.965,
265,244,detail,Calle Pública s/N°,0100010030730000--005--,0100010030730000--005--,3,73,0,5,-58.23421660,-32.24090376,automatic,missing_address_point,Quintas,2022-10-27,Vivienda multifamiliar + Local comercial,vivienda,,,,,835.415,,,
266,246,detail,Calle Privada s/Nº - Los Bretes,0100010170030006--007--,0100010170030006--007--,17,3,6,7,-58.13269339,-32.24502884,automatic,missing_address_point,Ampliación turística sur,2022-10-27,Vivienda unifamiliar,vivienda,,1,,,,,116.3,
267,245,detail,Calle Privada s/Nº - Los Bretes,0100010170030006--009--,0100010170030006--009--,17,3,6,9,-58.13289348,-32.24508894,automatic,missing_address_point,Ampliación turística sur,2022-10-27,Vivienda unifamiliar,vivienda,,1,,,,,113.19,
268,248,detail,Calle Pública s/N°,0100010112680001--009--,0100010112680001--009--,11,268,1,9,-58.17485880,-32.24088998,automatic,missing_address_point,Nucleo Urbano Ampliado,2022-10-31,Vivienda multifamiliar,vivienda,7,,,,143.42,,,
269,249,detail,Calle Pública s/N°,0100010162660000--007--,0100010162660000--007--,16,266,0,7,-58.17373591,-32.25171804,automatic,missing_address_point,Nucleo Urbano Ampliado,2022-10-31,,sin destino,,,,,,,33.505,
270,250,detail,Primera Junta y Bolívar,0100011030000048--001--,0100011030000048--001--,103,0,48,1,-58.23016946,-32.29444414,automatic,missing_address_point,Urbana 1,2022-07-27,"Vivienda ,multifamiliar + locales comerciales",vivienda,1,1,,,,,963.685,
271,251,detail,Tucumán N° 779,0100010000000026--024--,0100010000000026--024--,0,0,26,24,-58.14345594,-32.23017916,automatic,verified_close,Urbana,2022-01-11,Vivienda unifamiliar,vivienda,,1,,,,,59.97,
272,253,detail,Ptro. Lantelme N° 181,0100011020170293--008--,0100011020170293--008--,102,17,293,8,-58.15268602,-32.23525511,automatic,verified_close,Urbana 2,2022-08-11,Vivienda unifamiliar,vivienda,,1,,,40.128,,61.73,
273,252,detail,"L. N. Alem N° 234, 238 y 244 (antes 240)",0100010000000167--008--,0100010000000167--008--,0,0,167,8,-58.13477569,-32.22385405,automatic,verified_close,Residencial Sur,2022-09-11,Vivienda multifamiliar,vivienda,,3,,,,,386.35,
274,254,detail,Salta N° 228,0100010000000040--002--,0100010000000040--002--,0,0,40,2,-58.14876698,-32.22310194,automatic,verified_close,Urbana,2022-11-11,Vivienda unifamiliar,vivienda,1,,,,129.221,237.804,,
275,255,detail,M. M. Lima N° 1097,0100011010490410--013--,0100011010490410--013--,101,49,410,13,-58.15915666,-32.22365111,automatic,verified_close,Urbana 2,2022-10-11,Vivienda multifamiliar,vivienda,1,2,,,,,84.82,
276,256,detail,Paso de los Andes s/Nº,0100010123270006--001--,0100010123270006--001--,12,327,6,1,-58.16428446,-32.23148964,automatic,missing_address_point,Urbana 2,2022-10-11,Vivienda multifamiliar,vivienda,,2,,,,,171.06,
277,257,detail,Avda Gral Urquiza N° 708,0100011030000034--002--,0100011030000034--002--,103,0,34,2,-58.23268236,-32.29667640,automatic,review_large_gap,Urbana 1,2022-11-11,Vivienda unifamiliar + local,vivienda,2,,,,160.5,56.65,,
278,259,detail,Sourigues N°  637,0100010000000573--008--,0100010000000573--008--,0,0,573,8,-58.13753067,-32.23350238,automatic,review_large_gap,Residencial Norte,2022-11-14,Vivienda multifamiliar,vivienda,,6,,,,,438.555,
279,258,detail,Reibel N° 248,0100010000000167--011--,0100010000000167--011--,0,0,167,11,-58.13524297,-32.22356188,automatic,verified_close,Residencial Norte,2022-11-14,Vivienda unifamiliar,vivienda,1,,,,87.03,,,
280,261,detail,Juventud Unida Nº 642,0100011010860548--003--,0100011010860548--003--,101,86,548,3,-58.15582910,-32.21792043,automatic,missing_address_point,Urbana 2,2022-11-18,Vivienda unifamiliar,vivienda,1,,,,125.71,,,
281,260,detail,Los Cardos esq Calle Pública,0100010112710002--001--,0100010112710002--001--,11,271,2,1,-58.18140084,-32.22789543,automatic,missing_address_point,Nucleo Urbano Ampliado,2022-11-17,Vivienda unifamiliar,vivienda,,1,,,,,60,
282,262,detail,F. Creppy N° 199,0100010000000039--014--,0100010000000039--014--,0,0,39,14,-58.14861508,-32.22396301,automatic,verified_close,Urbana 2,2022-11-18,Vivienda unifamiliar,vivienda,3,,,,153.65,,,
283,265,detail,"Gouchón Nº 894, Celia Pellenc N° 114",0100010000000509--008--,0100010000000509--008--,0,0,509,8,-58.15043692,-32.22649445,automatic,verified_close,Urbana 1,2022-12-14,Vivienda multifamiliar,vivienda,2,,,,116.5,,,
284,263,detail,Calle Privada s/N° - Los Bretes,0100010162230003--003--,0100010162230003--003--,16,223,3,3,-58.18338800,-32.25673391,automatic,missing_address_point,Ampliación Actividad Turística Sur,2022-05-12,Vivienda unifamiliar,vivienda,,1,,,,,132.795,
285,269,detail,Calle Pública s/N°,0100010112470005--004--,0100010112470005--004--,11,247,5,4,-58.18297464,-32.24633793,automatic,missing_address_point,Núcleo Urbano Ampliado,2022-12-15,Vivienda multifamiliar,vivienda,,4,,,,,178.125,
286,264,detail,"Ruta Prov 135, esq Calle Pública",0100010101370001--002--,0100010101370001--002--,10,137,1,2,-58.21065052,-32.25254065,automatic,missing_address_point,Zona de Quintas,2022-12-13,Galpón / Depósito,galpón / depósito,,1,,,,,,600
287,266,detail,Calle Público esq Calle Pùiblica,0100010112270004--001--,0100010112270004--001--,11,227,4,1,-58.18944209,-32.23915446,automatic,missing_address_point,Nùcleo Urbano Ampliado,2022-12-14,Voivienda unifamiliar,voivienda unifamiliar,,1,,,,,197.335,
288,268,detail,Bvard. González N° 286,0100010000000002--010--,0100010000000002--010--,0,0,2,10,-58.14382817,-32.23149825,automatic,verified_close,Urbana 1,2022-12-14,Local comercial + Vivienda multifamiliar,vivienda,3,,,,,161.62,,
289,272,detail,Rocamora N° 217,0100010000000752--005--,0100010000000752--005--,0,0,752,5,-58.14348280,-32.21458316,automatic,verified_close,Residencial Norte,2022-12-16,Vivienda multifamiliar,vivienda,,1,4,,10.93,,30.715,
290,267,detail,Hernández N° 573,0100011021110644--008--,0100011021110644--008--,102,111,644,8,-58.13414639,-32.23194584,automatic,verified_close,Ampliacion Actividad Turistica Norte,2022-12-14,Vivienda multifamiliar,vivienda,,4,,,,,212.12,
291,277,detail,Hernandez N° 303 esq Mitre N° 504,0100010000000083--001--,0100010000000083--001--,0,0,83,1,-58.13839145,-32.22820316,automatic,verified_close,Residencial Sur,2022-12-28,Vivienda multifamiliar,vivienda,,3,,,,,237.725,
292,270,detail,Chacabuco N° 1115,0100010000000376--008--,0100010000000376--008--,0,0,376,8,-58.15529895,-32.22831530,automatic,verified_close,Urbana 1,2022-12-16,Vivienda unifamiliar + Local comercial,vivienda,2,,,,87.26615,54.991,,
293,273,detail,Sarmiento Nº 561,0100010000000755--010--,0100010000000755--010--,0,0,755,10,-58.14594880,-32.21266449,automatic,verified_close,Redidencial Norte,2022-12-16,Vivienda unifamiliar + Oficina,vivienda,1,,,,100.92,75.51,,
294,271,detail,Avda Urquiza N° 319,0100010000000143--008--,0100010000000143--008--,0,0,143,8,-58.13883955,-32.22222719,automatic,verified_close,Centro,2022-12-28,Local comercial,comercial,1,,,,,42.44,,
295,278,detail,"Alte Brown N° 107, 111, 115 esq Moreno Nº 54",0100010000000215--001--,0100010000000215--001--,0,0,215,1,-58.13354187,-32.21987703,automatic,verified_close,Prioridad Turística,2022-12-28,Vivienda multifamiliar,vivienda,,4,,,,,422,
296,275,detail,Hornero s/N°,0100010113080000--012--,0100010113080000--012--,11,308,0,12,-58.16323740,-32.24060270,automatic,missing_address_point,Núcleo Urbano Ampliado,2022-12-19,Vivienda unifamiliar,vivienda,,1,,,,,62.42,
297,546001,detail,Calle Privada s/N° - Los Bretes,0100010170030004--018--,0100010170030004--018--,17,3,4,18,-58.13138402,-32.24392003,automatic,missing_address_point,Ampliacion Actividad Turistica Sur,,Vivienda unifamiliar,vivienda,,1,,,,,190.85,
298,274,detail,Bvard Güemes N° 142 esq Noailles,0100010000000087--017--,0100010000000087--017--,0,0,87,17,-58.14100955,-32.22599058,automatic,verified_close,Residencial Sur,2022-12-19,Vivienda unifamiliar + Local comercial,vivienda,1,,,,,22.56,,
299,281,detail,Paso de los Andes N°,0100010123270005--015--,0100010123270005--015--,12,327,5,15,-58.16369878,-32.23085113,automatic,missing_address_point,Urbana 2,2022-12-29,Vivienda unifamiliar,vivienda,1,,,,46.025,,,
300,279,detail,Avda Paysandú N° 799,0100010000000545--011--,0100010000000545--011--,0,0,545,11,-58.15341321,-32.22065344,automatic,verified_close,Urbana 1,2022-12-29,Vivienda multifamiliar,vivienda,2,,,,25.385,,,
301,280,detail,Bernard N° 679,0100010000000574--006--,0100010000000574--006--,0,0,574,6,-58.13814734,-32.23257475,automatic,review_medium_gap,Residencial Sur,2022-12-29,Vivienda multifamiliar,vivienda,2,,,,124.605,,,
302,280,detail_unassigned,Domingo Antonini s/N°,0100010000000280--001--,0100010000000280--001--,0,0,280,1,-58.15748173,-32.23280659,automatic,missing_address_point,Urbana,,Oficina y depósito,oficina y depósito,,1,,,,,,108.2
303,288,detail,San Martín N°,0100010000000345--006--,0100010000000345--006--,0,0,345,6,-58.15432629,-32.23125378,automatic,missing_address_point,Urbana,2022-12-30,Estacion de servicios,estacion de servicios,,,1,,,,,
304,287,detail,Ruta N° 130 ex 26 s/N°,0100010063540002--005--,0100010063540002--005--,6,354,2,5,-58.15731930,-32.20941854,automatic,missing_address_point,Zona Ampliación Actividad Turística Norte,2022-12-30,Local comercial,comercial,,,1,,,137.13,,
305,282,detail,Noailles N° 332,,,,,,,,,automatic,missing_cadastral_point,18,2022-12-30,Vivienda unifamiliar,vivienda,,1,,,,,250.09,
306,283,detail,Bolívar N° 396 esq 9 de Julio,0100010000000128--018--,0100010000000128--018--,0,0,128,18,-58.14164613,-32.22149059,automatic,verified_close,Centro,2022-12-30,Local,comercial,,1,,,,28.21,,
307,284,detail,9 de Julio Nº 398,0100010000000668--001--,0100010000000668--001--,0,0,668,1,-58.14630605,-32.21728698,automatic,verified_close,Residencial Norte,2022-12-30,Vivienda multifamiliar + Locales comerciales,vivienda,5,,,,122.7,106.33,,
308,285,detail,Batalla de Cepeda N° 327,0100010000000715--001--,0100010000000715--001--,0,0,715,1,-58.14915568,-32.21174628,automatic,verified_nearby,Residencial Sur,2022-12-30,Vivienda multifamiliar,vivienda,3,,,,277.57,,,
309,286,detail,Bvard Sanguinetti N° 512,0100010000000507--005--,0100010000000507--005--,0,0,507,5,-58.14798426,-32.22804086,automatic,review_large_gap,Urbana,2022-12-30,Vivienda unifamiliar + Local comercial,vivienda,1,1,,,,,,261.635
