source_row_number,severity,issue_type,column_name,column_index,value,message
2,warning,invalid_ar_date,VISADO,44,"relevamiento de ampliaciones realizadas en el hotel,BAJO ORD 27/10, art, punto 2, inc 1, 2 y 3, Infraccion Ord 130/22, art 21, Anexo V, Zona periurbana, Infraccion art 5, 27, 37, 144, 151, 178, 179, 181, 182, 201, 202, 223, 232, 233 del CE",Fecha de visado invalida para formato AR (dd/mm/aaaa).
4,warning,invalid_ar_date,VISADO,44,"plano conforme de edificio de deptos pasado por aprte al visado, BAJO ORD 27/10, art 1, punto 1, inc 2 y 3, Infraccion art 10, 27, 37, 176, 179, 164 del CE, Ord 56/07, art 2, inc 2m art 3, inc 1, sub inc a, Ord 53/07, Ord 62/13, art 19, Ord 95/14, art 16",Fecha de visado invalida para formato AR (dd/mm/aaaa).
5,warning,invalid_ar_date,VISADO,44,"relevamiento de dos unidades de vivienda, una de tres dormitorios, baño, cocina comedor, estar, cocheras semicubeirta para dos vehiculos, la otra dos dormitorios, cocina comedor, BAJO ORD 27/10, art 1, punto m2, inc 2 y 3, Infraccion Ord 130/22, art 20, Anexo V, Zona Urbana, Infraccion art 5, 27, 37, 144, 151, 176, 178, 179, 182, 202, 223, 233 del CE",Fecha de visado invalida para formato AR (dd/mm/aaaa).
6,warning,invalid_ar_date,VISADO,44,"relevamiento de vivienda (de casero) y de ampliaciones ejecutadas en vivienda unifamiliaren PA dormitorio, baño completo, atelier, vestidor, en Pbhall de ingreso, cocina desayunador estar, lavadero, despensa, dormitorio, oficina, baño, cochera lateral semicubierta con parrilla y bacha, en el fondo casa casero de un dormitoio en PA, baño, cocina comedor estar en PB, galeria semicubierta, BAJO ORD 27/10, art 1, punto 2, inc 2, Infraccion 5, 27, 37, 176, 178 del CE, Infraccion ORd 130/22, art 21, anexo V",Fecha de visado invalida para formato AR (dd/mm/aaaa).
7,warning,invalid_ar_date,VISADO,44,"relevamiento local comercial resto bar, BAJO ORD 27/10, art 1, punto 2, inc 2, Infraccion art 5, 27, 37, 144, 151, 176, 179, 198, 230 del CE, Infraccion Ord 62/21",Fecha de visado invalida para formato AR (dd/mm/aaaa).
8,warning,invalid_ar_date,VISADO,44,"vivienda unifamiliar a construir, tres dormitorios, cocina comedor estar, baño, cochera semicubierta al frente",Fecha de visado invalida para formato AR (dd/mm/aaaa).
9,warning,invalid_ar_date,VISADO,44,"relevamiento de tres unidades de vivienda, una en PA monoambiente, en PB una de un dormitorio, baño, cocina, comedor estar, pileta, cochera descubierta, otra de tres dormitorios en PB y uno en suite en PA con vestidor baño y gimnasio, abajo Hall, living comedor, cocina, quincho, baño, oficina, BAJO ORD 27/10, art 1, punto 2, inc 2, Infraccion art 5, 27, 37, 144, 179, 223, 233 del CE, Ord 130/22, art 21, Anexo V, Zona Periurbana",Fecha de visado invalida para formato AR (dd/mm/aaaa).
11,warning,invalid_ar_date,VISADO,44,"a demoler construccion vivienda al fondo del lote 94,30 m2, local comercial al frente en PB y dos viviendas",Fecha de visado invalida para formato AR (dd/mm/aaaa).
12,warning,invalid_ar_date,VISADO,44,"vivienda unifamiliar construida y a terminar, tres dormitorios, baño, cocina comedor estar, cochera semicubierta en el lateral, BAJO ORD 27/10, art 1, punto 2, inc 2, Infraccion art 5, 27, 37, 144, 151 del CE",Fecha de visado invalida para formato AR (dd/mm/aaaa).
13,warning,invalid_ar_date,VISADO,44,"relevamiento de deptos construidos en el fondo del lote, tres unidades, dos de un dormitorio en PA cocina comedor y baño en PB y otro de dos dormitorios en PA, cocina comedor y baño en PB, una cochera cubierta, al frente existentesdos unidades de dos dormitorios baño, cocina comedor y lavadero, piscina, BAJO ORD 27/10, art 1, punto 2, inc 2, Infraccion Ord 56/07, art 3, II, 1, Ord 53/07, Infraccion art 5, 27, 37, 144, 151, 179, 226 del CE",Fecha de visado invalida para formato AR (dd/mm/aaaa).
14,warning,invalid_ar_date,VISADO,44,"vivienda univfamiliar a construir, tres dormitorios y un baño en PA mas balcon, en PB cocina comedor estar, acceso semicubierto, cochera semicubierta",Fecha de visado invalida para formato AR (dd/mm/aaaa).
15,warning,invalid_ar_date,VISADO,44,"vivienda unifamiliar a construir, dos dormitorios, uno con vestidor y baño, baño completo, lavadero, cocina comedor desayunador estar, aceso semicubierto, cochera semicubierta galeria posterior",Fecha de visado invalida para formato AR (dd/mm/aaaa).
16,warning,invalid_ar_date,VISADO,44,"local comercial a construir, bajo Resolucion HCD 34/2022, excepcion, Locales comerciales existentes, infraccion ochava y techo en la vereda, Bajo Ord 27/10, art 1, punto 2, inc 2, Infraccion art 5, 27, 37, 130, 179, 202, 223, 233 del CE",Fecha de visado invalida para formato AR (dd/mm/aaaa).
17,warning,invalid_ar_date,VISADO,44,"plano conforme de edificio de deptos pasado por aprt al visado, BAJO ORD 27/10, art 1, punto 1, inc 2 y 3 , Infraccion art 10, 27, 37,  179, 181, 182 del CE, Ord 56/07, art 2, inc 4, art 3, inc 1, inc 2, sub inc 1, Ord 53/07, Ord 62/13, art 19, Ord 95/14, art 16",Fecha de visado invalida para formato AR (dd/mm/aaaa).
18,warning,invalid_ar_date,INGRESO,3,1801/23,Fecha de ingreso invalida para formato AR (dd/mm/aaaa).
18,warning,invalid_ar_date,VISADO,44,"vivienda unifamiliar a construir, dos dormitorios uno con vestidor, comedor, cocina comedor desayunador, estar, baño compartimentado, despensa, lavadero, cochera semicubierta, al fondo, pequeño taller de uso domestico y semicubierto lateral",Fecha de visado invalida para formato AR (dd/mm/aaaa).
19,warning,invalid_ar_date,VISADO,44,"Bajo Ord 27/10, art 1, puinto 2, inc 2 y 3, Infraccion art 5, 27, 37, 129, 176, 178, 179, 181, 182, 194, 201, 202, 207, 223, 230, 233, 235, 246, 247, 268 del CE, Infraccion Ord 130/22, art 20 Anexo V, Zona Urbana",Fecha de visado invalida para formato AR (dd/mm/aaaa).
20,warning,invalid_ar_date,VISADO,44,"vivienda a construir, en PB cocina desayunador comedor estar, baño, dormitorio, galeria semicubierta con parrilla y bacha, cochera semicubierta, en PA tres dormitorios uno con vestidor, baño, terraza",Fecha de visado invalida para formato AR (dd/mm/aaaa).
21,warning,invalid_ar_date,VISADO,44,"tres deptos a consrtuir, de dos dormitorios y baño en PA, en PB cocina, estar, toilete bajo escalera, cochera descubierta al frente",Fecha de visado invalida para formato AR (dd/mm/aaaa).
22,warning,invalid_ar_date,VISADO,44,"vivienda unifamiliar a construir, un dormitorio, cocinqa comedor estar, baño, cochera descubierta, lavadero, PRO.CRE.AR:, BAJO ORD 27/10, art 1, inc 9, Infraccion art 5, 27, 37 del CE",Fecha de visado invalida para formato AR (dd/mm/aaaa).
23,warning,invalid_ar_date,VISADO,44,oficinas y depósitos archivos a construir para dependencias de la estacion de servicio,Fecha de visado invalida para formato AR (dd/mm/aaaa).
24,warning,invalid_ar_date,VISADO,44,"relevamiento de dos unidades de vivienda de alquiler, cada una de dos dormitorios, baño, cocina comedor estar, lavadero, parrilla, BAJO ORD 27/10, art 1, punto 2, inc 2 y 3, Infraccion Ord 53/07, Ord 130/21, art 20, Anexo V, Infraccion art 5, 27, 37, 144, 151, 176, 178, 202, 233, 247 del CE",Fecha de visado invalida para formato AR (dd/mm/aaaa).
25,warning,invalid_ar_date,VISADO,44,"vivienda unifamiliar existente con planos, a cosntruir quincho con parrilla, piscina al fondo, BAJO ORD 27/10, art 1, punto 2, inc 3 (existente), Infraccion ord 130/22, art 20, Anexo V-Zona Urbana",Fecha de visado invalida para formato AR (dd/mm/aaaa).
26,warning,invalid_ar_date,VISADO,44,"vivenda unidfamiliar a construir en PB, con piscina, dos dormitorios, estar comedor cocina, cochera semicubiert apara dos vehiculos, quincho, baño, lavadero",Fecha de visado invalida para formato AR (dd/mm/aaaa).
27,warning,invalid_ar_date,VISADO,44,"vivienda unifamiliar PRO.CRE.AR., dos vdormitorios, baño, cocina comedor, sin cochera, relevamiento, BAJO ORD 27/10, art 1, punto 2, inc 2, Infraccion art 5, 27, 37, 178 del CE",Fecha de visado invalida para formato AR (dd/mm/aaaa).
28,warning,invalid_ar_date,VISADO,44,cartel del ACA,Fecha de visado invalida para formato AR (dd/mm/aaaa).
29,warning,invalid_ar_date,VISADO,44,"galpòn a construir, sòlo PB con un toilete",Fecha de visado invalida para formato AR (dd/mm/aaaa).
30,warning,invalid_ar_date,VISADO,44,"relevamiento de tres unidades de vivienda, la ubicada al frente de tres dormitorios, cocina comedor, estar, baño compartimentado, baño, segunda cocina al fondo, lavadero, las otras dos viviendas son de dos dormitorios, baño, cocina comedor, sin espacios para cocheras. BAJO ORD 27/10, art 1, punto 2, inc 2, Infraccion art 5, 27, 37, 17,8 179, 181, 182, 201, 202, 223, 232, 233 del CE, Infraccion ORd 56/07, art 3, ORd 53/07",Fecha de visado invalida para formato AR (dd/mm/aaaa).
31,warning,invalid_ar_date,VISADO,44,"vivienda unifamiliar a construir, tres dormitorios, cocina comedor estar, acceso semicubierto",Fecha de visado invalida para formato AR (dd/mm/aaaa).
32,warning,invalid_ar_date,VISADO,44,"relevamiento de piscina y monoambientes, 3 unidades, BAJO ORD 27/10, art 1, punto 2, inc 2 y 3, cocheras en zona de ampliacion de calle y retiro, Infraccion Ord 53/07, Ord 130/21, art 21, Anexo V, Infraccion art 5, 27, 37, 202, 233, 254 del CE",Fecha de visado invalida para formato AR (dd/mm/aaaa).
33,warning,invalid_ar_date,VISADO,44,"relevamiento de grupo de viviendas para alquiler turistico, BAJO ORD 27/10, art 1, punto 2 y 3, Infraccion Ord 130/21, art 21, retiro zona, Infraccion art 5, 27, 37, 144, 151, 176, 178, 214 del CE",Fecha de visado invalida para formato AR (dd/mm/aaaa).
35,warning,invalid_ar_date,VISADO,44,"amploiación edificio lindero, demolición de vivienda existente y cinco nuevas unidades a cosntruir",Fecha de visado invalida para formato AR (dd/mm/aaaa).
36,warning,invalid_ar_date,VISADO,44,"vivienda unifamiliar a construir,un dormitorio en PA, baño en PA, en PB estar comedor cocina, toilete",Fecha de visado invalida para formato AR (dd/mm/aaaa).
37,warning,invalid_ar_date,VISADO,44,"vivienda unifamilliar a construir, demoliciòn de vivienda existente y galpòn al frente sobre la via publica, vivienda nueva con tres dormitorios en PA, uno en suite con vestidor y baño compartimentado, baño completo, zona de escritorio / paso, en PB cochera semicubierta al frente, estudio con acceso independiente, baño, cocina desayunador comedor estar, semicubierto al fondo galerìa quincho con parrilla y lavadero",Fecha de visado invalida para formato AR (dd/mm/aaaa).
38,warning,invalid_ar_date,VISADO,44,"vivienda unifamiliar con planos visados, a construir quincho al fondo",Fecha de visado invalida para formato AR (dd/mm/aaaa).
39,warning,invalid_ar_date,VISADO,44,"relevamiento de vivienda unifamiliar y galpón depósito de helados, vivienda al frentede dos dormitorio, cocina comedor, estar, baño, BAJO ORD 27/10, art 1, punto 2, inc 2 y 3, Infraccion art 5, 27, 37, 144, 151, 176, 178, 179, 202, 226, 247 del CE, Ord 130/22, art 20",Fecha de visado invalida para formato AR (dd/mm/aaaa).
40,warning,invalid_ar_date,VISADO,44,"vivienda unifamiliar a relevar, dos dormitorios, baño, cocina comedor estar, lavadero aparte, local comercial al frente con toilete, BAJO ORD 27/10, art 1, punto 2, ,inc 2 y 3, Infraccion Ord 130/22, art 20, Ord 53/07, 3, Art 5, 27, 37, 179, 201, 202, 232 del CE",Fecha de visado invalida para formato AR (dd/mm/aaaa).
41,warning,invalid_ar_date,VISADO,44,"tres unidades de vivienda a construir, de dos dormitorios, baño en PA y en PB cocina comedor estar, cochera semicubierta y toilette",Fecha de visado invalida para formato AR (dd/mm/aaaa).
42,warning,invalid_ar_date,VISADO,44,demolicion de vivienda unifamiliar,Fecha de visado invalida para formato AR (dd/mm/aaaa).
43,warning,invalid_ar_date,VISADO,44,"vivienda multifamiliar, un monoambiente, una de tres dormitorios, baño, cocina comedor, estar, cocheras semicubiertas, galeria semicubierta posterior con parrilla",Fecha de visado invalida para formato AR (dd/mm/aaaa).
44,warning,invalid_ar_date,VISADO,44,"demolicion vivienda existente, relevamiento de centro terapeutico sector salon, BAJO ORD 27/10, art 1, pùnto 2, inc 2, Infraccion art 5, 27,37 del CE, Ord 56/07, art 3, inc 2, sub inc 1",Fecha de visado invalida para formato AR (dd/mm/aaaa).
45,warning,invalid_ar_date,VISADO,44,"relevemiento de local comercial, baños separados por sexo  dos inodores y dos bachas, tres inodoros y dos bachas, local al frente separado con una pequeña mesada, BAJO ORD 27/10, art1, punto 2, inc 2, Infraccion art 5, 27, 37, 176, y 179 del CE",Fecha de visado invalida para formato AR (dd/mm/aaaa).
46,warning,invalid_ar_date,VISADO,44,vivienda unifamiliar a construir,Fecha de visado invalida para formato AR (dd/mm/aaaa).
47,warning,invalid_ar_date,VISADO,44,"vivienda unifamiliar a contruir, dos dormitorios, baño, cocina comedor, BAJO ORD 27/10, art 1, punto 2, inc 2, Infraccion Art 5, 27, 37, del CE",Fecha de visado invalida para formato AR (dd/mm/aaaa).
48,warning,invalid_ar_date,VISADO,44,"vivienda unifamiliar a contruir, tres dormitorios, uno en suite con vestidor y baño, baño completo compartimentado, cocina desayunador comedor diario, comedor estar, lavadero, galeria semicubierta con parrilla quincho, toilete, cocheras semicubiertas para dos vehiculos",Fecha de visado invalida para formato AR (dd/mm/aaaa).
49,warning,invalid_ar_date,VISADO,44,"relevamiento de vivienda unifamiliar de un dormitorio en PA, cocina comedor baño en PB, al fondo quincho cubierto con baño, BAJO ORD 27/10, art 1, punto 2, inc 2 y 3, Infraccion ORD 130/22, art 21, anexo V, C.E. 5, 27, 37, 144, 176, 181, 182, 202, 233, 247",Fecha de visado invalida para formato AR (dd/mm/aaaa).
50,warning,invalid_ar_date,VISADO,44,"relevamiento de galpón depósito con oficina, baño, BAJO ORD 27/10, ART 1, PUNTO 2, INC 2 Y 3, Infraccion Ord 56/07, art 3, inc 2, sub inc 1, CE art 5, 27, 37, 144, 151, 179, 202, 232, 233, 260, Ord 130/22, srt 20",Fecha de visado invalida para formato AR (dd/mm/aaaa).
51,warning,invalid_ar_date,VISADO,44,"seis unidades de vivienda de alquiler a construir, 4 de uhn dormitorio, baño, cocina comedor, dos monoambientes, cocheras descubiertas, BAJO ORD 27/10, art 1, punto 2, inc 2, Infraccion art 5, 27, 37, 144, 151, 176, 179, 202, 230 del CE",Fecha de visado invalida para formato AR (dd/mm/aaaa).
52,warning,invalid_ar_date,VISADO,44,quincho y piscina a consrtuir,Fecha de visado invalida para formato AR (dd/mm/aaaa).
53,warning,invalid_ar_date,VISADO,44,"plano conforme cuatro unidades de viienda de alquiler, dos dormitorios, cocina, comedor y baño en PB, las dos unidades centrales dormitorio, baño, cocina comedor en PB y dormitorio y baño en PA, BAJO ORD 27/10,art 1, punto 2, inc 2 y 3, Infraccion art 5, 27, 37, 176, 179, 202, 247, 236 del CE, Infraccion Ord 56/07, art 4, Ord 53/07, Ord 130/22, Art 21, Zona Periurbana, Anexo V",Fecha de visado invalida para formato AR (dd/mm/aaaa).
54,warning,invalid_ar_date,VISADO,44,"ampliación de vivienda unifamiliar con dos dormitorios, baño, cocina comedor, a ejecutar lavadero, baño, cocina, BAJO ORD 27/10, art 1, punto 1 y 2, Infraccion art 144, 151, 179, 214, 223, 232, 233, 236, 247 DEL CE",Fecha de visado invalida para formato AR (dd/mm/aaaa).
55,warning,invalid_ar_date,VISADO,44,"relevamiento de vivienda unifamiliar, un dormitorioan PA, cocina comedor estar, baño en PB, terreno en parte bajo cota, BAJO ORD 27/10, art 1, punto2, inc 2, Infraccionn art 5, 27, 37, 144, 151, 178, 179, 202, 227 del CE, Infracion ord 56/07, art 3, inc 2, sub inc 1",Fecha de visado invalida para formato AR (dd/mm/aaaa).
56,warning,invalid_ar_date,VISADO,44,"antena a construir, cabina de controles, BAJO ORD 27/10, art 1, punto 1, inc 3, Infraccion art 5, 27, 37 del CE",Fecha de visado invalida para formato AR (dd/mm/aaaa).
57,warning,invalid_ar_date,VISADO,44,"vivienda tipo alpina de madera existente al frente del lote y galpón al fondo, a construir en el centro del lote una vivienda de material, de tres dormitorios y baño en PA, cocina comedor , estar, baño y cochera semicubierta en PB, Bajo ord 27/10, art 1, punto 2, Infraccion art 5, 27, 37, 176, 178, 201, 227, 232 del CE",Fecha de visado invalida para formato AR (dd/mm/aaaa).
58,warning,invalid_ar_date,VISADO,44,"relevamiento de local comercial, restaurante ""Moment´s"", BAJO ORD 27/10, art 1, punto 2, inc 2, Infraccion Ord 130/22, art 19, Anexo V, Zona Centro, Infraccion art 5, 27, 37, 176, 179, 202, 227, 247 del CE",Fecha de visado invalida para formato AR (dd/mm/aaaa).
59,warning,invalid_ar_date,VISADO,44,"plano conforme a obra, vivienda unifamilliar, dos dormitorios, baño, dormitorio ppal en suite con baño, cocina comedor estar, cochera semicubierta, Bajo Ord 27/10, art 10, 27, 37 179, 187 del CE, Ord 50/07, (cochera en ventilacion de cocina)",Fecha de visado invalida para formato AR (dd/mm/aaaa).
60,warning,invalid_ar_date,VISADO,44,"relevamiento de vivienda unifamiliar, tres dormitorios, uno con baño, baño, cocina comedor estar, lavadero, cochera semicubierta, pileta al fondo con quincho, BAJO ORD 27/10, art 1, punto2, inc 2, Infraccionn art 5, 27, 37, 179, 233, 236 del CE",Fecha de visado invalida para formato AR (dd/mm/aaaa).
61,warning,invalid_ar_date,VISADO,44,"estudio profesional / local a construir, PB y PA, BAJO ORD 27/10, art 1, punto 2, inc 2 t 3, Infraccion art 5, 27, 37, del CE, Infraccion Ord 130/2022, art 20, Anexo V, Zona Urbana",Fecha de visado invalida para formato AR (dd/mm/aaaa).
62,warning,invalid_ar_date,VISADO,44,"BAJO ORD 27/10, art 1, punto 2 inc 2 y 3, Infraccion art 5, 27, 37, del CE",Fecha de visado invalida para formato AR (dd/mm/aaaa).
63,warning,invalid_ar_date,VISADO,44,"relevamiento de quincho al fondo, vivienda al frente existente declarada de dos dormitorios, baño, cocina comecor, cochera semicubierta la frente, BAJO ORD 27/10, art 1, punto 2, inc 2 y 3, Infracción art 5, 27, 37, 179, 202, 223, 233 del CE, Infraccion ORd 130/22, art 20, Ord 56/07, art 3",Fecha de visado invalida para formato AR (dd/mm/aaaa).
64,warning,invalid_ar_date,VISADO,44,"ampliación de vivienda unifamiliar, a construir tres dormitorios en PA, uno en suite con baño completo y vestidor, baño, en PB se declara la cochera semicubierta, BAJO ORD 27/10, art 1, punto 2, inc 2 y 3, art 1, inc 9, Infraccion Ord 130/22, art 20, Zona Urbana, Anexo V, Infraccion art 5, 27, 37, del CE",Fecha de visado invalida para formato AR (dd/mm/aaaa).
65,warning,invalid_ar_date,VISADO,44,"ampliación, deptos a cosntruir en PA,",Fecha de visado invalida para formato AR (dd/mm/aaaa).
66,warning,invalid_ar_date,VISADO,44,"relevamiento de dos unidades de vivienda, ambas de iguales caracteristicas, dos dormitorios, baño, cocina comedor, una en PB y otra en PA, BAJO ORD 27/10, art 1, punto 2, inc 2 y 3, Infraccion Ord 130/22, art 20, Zona Urbana, Ord 56/07, art 3, inc 2, sub inc 1, CE art 5, 27, 37, 144, 151, 178, 179, 202, 226, 232",Fecha de visado invalida para formato AR (dd/mm/aaaa).
67,warning,invalid_ar_date,VISADO,44,"vivienda unifamiliar a construir, planta baja cochera cubierta doble, cocina comedor estar, baño, semicubierto quincho con parrilla y bacha, en PA baño, hall paso distribuidor tres dormitorios, uno con vestidor y terraza",Fecha de visado invalida para formato AR (dd/mm/aaaa).
68,warning,invalid_ar_date,VISADO,44,"relevamiento de vivienda unifamiliar, dos dormitorios, escritorio, estar cocina comedor cocina, baño, lavadero, sotano y entrepiso, BAJO ORD 27/10, art 1, punto 2, inc 2, Infraccion art 5, 27, 37, 176, 179, 202, 223, 232, 233, 247 del CE",Fecha de visado invalida para formato AR (dd/mm/aaaa).
69,warning,invalid_ar_date,VISADO,44,"vivienda unifamiliar a construir, dos dormitorios uno con baño propio, baño, cocina comedor,",Fecha de visado invalida para formato AR (dd/mm/aaaa).
70,warning,invalid_ar_date,VISADO,44,"vivienda unifamiliar a construir, dos dormitorios, cada unno con su sanitario, baño completo, cocina comedor estar, galeria perimetral, cochera semicubierta",Fecha de visado invalida para formato AR (dd/mm/aaaa).
71,warning,invalid_ar_date,VISADO,44,"relevamiento de local comercial, panaderìa, BAJO ORD 27/10, art 1, punto 2, inc 2, Infraccion art 5, 27, 37, 176, 179, 181, 182, 202, 226, 230, 232 del CE (liquida solo administrativo, m2 menos que el antecedente)",Fecha de visado invalida para formato AR (dd/mm/aaaa).
72,warning,invalid_ar_date,VISADO,44,"vivienda unifamiliar a construir, dos dormitorios, uno con baño privado, baño, cocina comedor diario, estar, comedor, separado de la vivenda habitacion de servicio lavadero y baño.",Fecha de visado invalida para formato AR (dd/mm/aaaa).
73,warning,invalid_ar_date,VISADO,44,"siete unidades de vivieda a relevar, seis de ellas de  dos dormitorios, baño, cocina comedor, una de un dormitorio, baño cocina comedor estar, dos monoambientes a construir, baño, un espacio para cochera semicubierta. BAJO ORD 27/10, art 1, punto 2, inc 2 y 3, Infracción art 5. 27, 37, 129, 144, 151, 178, 179, 181, 182, 202, 226, 233 del CE, Ord 56/07, art 3, inc 2, sub inc 1, Ord 53/07, Ord 130/22 art 20 (retiro)",Fecha de visado invalida para formato AR (dd/mm/aaaa).
74,warning,invalid_ar_date,VISADO,44,"plano conforme, grupo de deptos, BAJO ORD 27/10, art 1, punto 2, inc 2, Infraccion art 10, 27, 37, 144, 151, 179, 182, 191 del CE, Ord 56/07, art 3, inc 1, sub inc a, Ord 53/07",Fecha de visado invalida para formato AR (dd/mm/aaaa).
75,warning,invalid_ar_date,VISADO,44,"local comercial a construir, vivienda unifamiliar demolida",Fecha de visado invalida para formato AR (dd/mm/aaaa).
76,warning,invalid_ar_date,VISADO,44,"local existente, ampliación de local comercial a ejecutar",Fecha de visado invalida para formato AR (dd/mm/aaaa).
77,warning,invalid_ar_date,VISADO,44,"relevamiento de ampliación de vivienda, BAJO ORD 27/10, art 1, punto 2, inc 2, Infraccion art 5, 27, 37, 181, 247 del CE",Fecha de visado invalida para formato AR (dd/mm/aaaa).
78,warning,invalid_ar_date,VISADO,44,"tres unidades de bungalows a construir mas la piscina y un deposito, cada vivienda con dos dormitorios, baño, cocina comedor, cocheras descubiertas",Fecha de visado invalida para formato AR (dd/mm/aaaa).
79,warning,invalid_ar_date,VISADO,44,"vivienda unifamiliar de dos dormitorios, baño, cocica comedor estar, lavadero, sin cochera, BAJO ORD 27/10, art 1, punto 2, inc 2, Infraccion art 5, 27, 37, 179, 202, 232 del CE",Fecha de visado invalida para formato AR (dd/mm/aaaa).
80,warning,invalid_ar_date,VISADO,44,"vivienda unifamiliar existente y quincho, a declarar piscina",Fecha de visado invalida para formato AR (dd/mm/aaaa).
81,warning,invalid_ar_date,VISADO,44,"relevamiento locales , subsuelo, planta baja con oficinas, sanitarios (uno y uno) patio con parrilla, y entrepiso, BAJO ORD 27/10, art 2, inc 2, Infraccion art 5, 27, 37, 130, 176, 179, 223, 233 y 247 del CE",Fecha de visado invalida para formato AR (dd/mm/aaaa).
82,warning,invalid_ar_date,VISADO,44,"plano conforme a obra, relevamiento de ampliaciones realizadas en vivienda unifamiliar (PRO.CRE.AR), dos dormitorios, baño, cocina comedor, cochera descubierta, BAJO ORD 27/10, art 10, 27, 37,  del CE, infraccion ord 130/art 20, (retiro)",Fecha de visado invalida para formato AR (dd/mm/aaaa).
83,warning,invalid_ar_date,VISADO,44,"vivienda a construir, en PB cocina desayunador comedor estar, baño, dormitorio con baño, dos dormitorios, separado atelier con baño",Fecha de visado invalida para formato AR (dd/mm/aaaa).
84,warning,invalid_ar_date,VISADO,44,locales a demoler,Fecha de visado invalida para formato AR (dd/mm/aaaa).
85,warning,invalid_ar_date,VISADO,44,"relevamiento de quincho y piscina, BAJO ORD 27/10, art 1, punto 2, inc 2, Infraccion art 5, 27 , 37 del CE",Fecha de visado invalida para formato AR (dd/mm/aaaa).
86,warning,invalid_ar_date,VISADO,44,"galpòn a construir, dos sanitarios cada uno con inodoro y bacha, BAJO ORD 27/10, art 1, punto 2, inc 2, Infraccion art 179 del CE",Fecha de visado invalida para formato AR (dd/mm/aaaa).
87,warning,invalid_ar_date,VISADO,44,"relevamiento de galpón, taller, depósito y oficinas, BAJO ORD 27/10, art 1, punto 2, inc 2 y 3, Infraccion art 5, 27, 37, 179 del CE, Infraccion Ord 130/22, art 26, Anexo V (retiro)",Fecha de visado invalida para formato AR (dd/mm/aaaa).
88,warning,invalid_ar_date,VISADO,44,"dos locales a construir en PB, con sanitario minimo",Fecha de visado invalida para formato AR (dd/mm/aaaa).
89,warning,invalid_ar_date,VISADO,44,"relevamiento de vivienda unifamiliar de un dormitorio, cocina comedor, baño, local comercial despensa, BAJO ORD 27/10, art 1, punto 2, inc 2 y 3, Infraccion art 5, 27, 37, 130, 144, 151, 178, 223, 230, 233 del CE , Ord 130/22, art 20, Zona urbana (retiro)",Fecha de visado invalida para formato AR (dd/mm/aaaa).
90,warning,invalid_ar_date,VISADO,44,"cuatro unidades de viviensa a construir, dos apareadas al fondo, dos mas individuales hacia el frente, cada una con dos dormitorios, baño en PA y cocina comedor, toilete y cochera semicubierta en PB",Fecha de visado invalida para formato AR (dd/mm/aaaa).
91,warning,invalid_ar_date,VISADO,44,"vivienda unifamiliar a construir, tres dormitorios, uno en suite con baño y vestidor, baño, cocina desayunador comedor estar, toilete, semicubierto al fondo quincho con parrilla, cochera descubierta",Fecha de visado invalida para formato AR (dd/mm/aaaa).
92,warning,invalid_ar_date,VISADO,44,"demolicion de tanque de reserva de agua del complejo turistico de la CAJA, BAJO Ord 27/10, art 1, punto 1, inc 9, Infraccion art 5, 27, 37 del CE",Fecha de visado invalida para formato AR (dd/mm/aaaa).
93,warning,invalid_ar_date,VISADO,44,edificio de departamentos a construir,Fecha de visado invalida para formato AR (dd/mm/aaaa).
94,warning,invalid_ar_date,VISADO,44,"relevamiento de semicubierto ejecutado, resto ya declarado, dos departamenteos y un salón para exposiciones (Museo de los Comabtientes de Malvinas) BAJO ORD 27/10, art 1, punto 2, inc 2 y 3, Infraccion Ord 53/07, Ord 130/22, art 20, art 5, 27, 37, 144, 178, 179, 181, 182, 202, 232, 247, del CE",Fecha de visado invalida para formato AR (dd/mm/aaaa).
95,warning,invalid_ar_date,VISADO,44,"relevamietno vivienda unfamiliar, BAJO ORD 27/10, art 1, punto 2, inc 2 y 3, invfraccion art 5, 27, 37, 144, 151, 176, 178, 179, 181, 182, 201, 202, 223, 227, 233 del CE, Ord 56/07, art 3, inc 2,, sub inc 1, Ord 130,22, art 20",Fecha de visado invalida para formato AR (dd/mm/aaaa).
96,warning,invalid_ar_date,VISADO,44,"relevamiento de ampliacion realizada en PB en local comercial ( baño)  y a construir vivienda en PA,   un dormitorio, cocina comedor, baño, Bajo Ord 27/10, art 1, punto 2, inc 2, Infraccion art 5, 27, 37 del CE, Ord 130/22, art 20",Fecha de visado invalida para formato AR (dd/mm/aaaa).
97,warning,invalid_ar_date,VISADO,44,"relevamieno dos unidades de vivienda , una en PB de un dormitorio, lavadero, cocina comedor y baño, otra en PA de un dormitorio, cocina comedor y baño, BAJO ORD 27/10, art 1, punto 2, inc 2 y 3, Infraccion ORD 130/22, art 20, Infraccion art 5, 27, 37, 178, 179, 226 del CE",Fecha de visado invalida para formato AR (dd/mm/aaaa).
98,warning,invalid_ar_date,VISADO,44,"relevamiento de vivienda unifamiliar, dos dormitorios, cocina acceso, comedor estar, lavadero, semicubierto cochera doble separado de la vivienda, BAJO ORD 27/10, art 1, punto 2, inc 2, Infraccion art 5, 27, 37, 181, 182, 214, del CE, Infraccion Ord 130/22, art 21, Periurbana (retiro medianera)",Fecha de visado invalida para formato AR (dd/mm/aaaa).
99,warning,invalid_ar_date,VISADO,44,"vivienda unifamiliar a construir, tres dormitorios, uno en suite con baño privado, cocina comedor estar, cochera descubierta, BAJO ORD 27/10, art 1, punto 2, Infraccion arrt 5, 27, 37, 144, 151 del CE",Fecha de visado invalida para formato AR (dd/mm/aaaa).
100,warning,invalid_ar_date,VISADO,44,"relevamiento de modificaciones en supermercado, conforme a obra, BAJO ORD 27/10, art 1, punto 2 y 3, Infraccion Ord 130/22, art 24, Infraccion art 5, 27, 37, 179, 226 del CE",Fecha de visado invalida para formato AR (dd/mm/aaaa).
101,warning,invalid_ar_date,VISADO,44,"relevamiento de vivienda unifamiliar, un dormitorio, baño, cocina desayunador, estar, galeria semicubierta al fondo con parrilla, cochera cubierta lateral para dos vehiculos, BAJO ORD 27/10, art 1, punto 2, inc 2, Infraccion art 5, 27, 37, 130, 144, 151, 176, 179, 202 del CE",Fecha de visado invalida para formato AR (dd/mm/aaaa).
102,warning,invalid_ar_date,VISADO,44,"relevamiento de hotel de 13 habitaciones, 11 de ellas cuentan ncon living individual, espacio comun, 10 cocheras, BAJO ORD 27/10, art 1, punto 2, inc 2 y 3, Infraccion art 5, 27, 37, 144, 179, 201, 202, 226, 232, 254, 258 del CE",Fecha de visado invalida para formato AR (dd/mm/aaaa).
103,warning,invalid_ar_date,VISADO,44,"vivienda unifamiliar a construir, tres dormitorios, uno en suite con baño privado, baño completo, cocina desayunador comedor estar, toilete, escritorio, lavadero cubierto, semicubierto galeria quincho con parrilla al fondo, cochera descubierta al frente",Fecha de visado invalida para formato AR (dd/mm/aaaa).
104,warning,invalid_ar_date,VISADO,44,"departamentos individuales a construir, de dos dormitorios, baño, cocina comedor estar,",Fecha de visado invalida para formato AR (dd/mm/aaaa).
105,warning,invalid_ar_date,VISADO,44,"modificaciones a realizar en local comercial, se divide en trezs locales individuales, BAJO ORD 27/10, art 1, punto 1, inc 9, Infraccion art 5, 27, 37, 179, 187, 223, 233 del CE, Infraccion Ord 130/22, art 20 Zona Urbana",Fecha de visado invalida para formato AR (dd/mm/aaaa).
106,warning,invalid_ar_date,VISADO,44,"vivienda unifamiliar a construir, dos dormitorios, baño, cocina con isla desayunador comedor estar, acceso hall cubierto, galeria fondo, cochera semicubierta para dos vehiculos, con quincho parrilla bacha barra mesada",Fecha de visado invalida para formato AR (dd/mm/aaaa).
107,warning,invalid_ar_date,VISADO,44,"vivienda prefabricada a construir viviendas 2002, dos dormitorios, baño, cocina comedor, cochera semicubierta",Fecha de visado invalida para formato AR (dd/mm/aaaa).
108,warning,invalid_ar_date,VISADO,44,"vivienda unifamiliar a construir, tres dormitorios, uno son baño privado, baño, cocina estar comedor, quincho semicubierto con parrilla y bacha anexo a la cocina comedor estar, cochera descubierta",Fecha de visado invalida para formato AR (dd/mm/aaaa).
109,warning,invalid_ar_date,VISADO,44,"cuatro unidades de vivienda a construir, separadas, dos de dos dormitorios, baño, cocina comedor estar, dos con un solo dormitorio, baño, cocina comedor estar, cocheras descubiertas",Fecha de visado invalida para formato AR (dd/mm/aaaa).
110,warning,invalid_ar_date,VISADO,44,"local comercial a construir, llocal y baño",Fecha de visado invalida para formato AR (dd/mm/aaaa).
111,warning,invalid_ar_date,VISADO,44,"BAJO ORD 27/10, art 1, punto 2, inc 2 y 3, Infraccion art 5, 27, 37, 178, 179, 181, 182, m201, 202, 226 del CE, infraccion Ord 56/07, art 3, inc 2, sub inc 1, Infraccion Ord 130/22 art 19, anexo V",Fecha de visado invalida para formato AR (dd/mm/aaaa).
112,warning,invalid_ar_date,VISADO,44,"vivienda unifamiliar a construir, dos dormitorios, uno en suite con vestidor y baño compartimentado, baño, lavadero, cocina desayunador, comedor estar, galeria semicubierta cochera doble",Fecha de visado invalida para formato AR (dd/mm/aaaa).
113,warning,invalid_ar_date,VISADO,44,"vivienda existente con planos, dos dormitorios, estar, comedor cocina,. Baño, cochera semicubierta, relevamiento de vivieenda al fondo y ampliacion de la misma, en pb cocina comedor, estudio, baño, a construir en pb cochera semicubierta con sector quincho, en pa dos dormitorios y baño, BAJO ORD 27/10, art 1, punto 2, inc 2, Infraccion art 5, 27, 37, 179 del CE",Fecha de visado invalida para formato AR (dd/mm/aaaa).
114,warning,invalid_ar_date,VISADO,44,"relevamiento de vivienda unifamiliar, dos dormitorios, baño, cocina comedor estar, BAJO ORD 27/10, art 1, punto 2, inc 2 y 3, Infraccion arrt 5, 27, 37, 144, 151 del CE, Infraccion Ord 130/22 art 20",Fecha de visado invalida para formato AR (dd/mm/aaaa).
115,warning,invalid_ar_date,VISADO,44,"vivienda unifamiliar a construir, previa demolicion de la existente, cuatro dormitorios en PA, uno en suite con baño, baño compartimentado, lavadero, balcón, en PB cochera cubierta, hall de acceso, cocina comedor estar, baño, semicubierto con parrilla y toilete al exterior",Fecha de visado invalida para formato AR (dd/mm/aaaa).
116,warning,invalid_ar_date,VISADO,44,"galpòn depòsito a cosntruir, BAJO ORD 27/10, art 1, punto 1, inc 9, Infreaccion art 5, 27, 37 del CE",Fecha de visado invalida para formato AR (dd/mm/aaaa).
117,warning,invalid_ar_date,VISADO,44,"relevamiento de ampliaciones y modificaciones realizadas en la iglesia, reforma cocina, agrega baños, deposito pequeño en el fondo, reforma en el templo, BAJO ORD 27/10, art 1, punto 2, inc 3 y 3, Infraccion Ord 130/22, art 20, anexo V. Ord 56/07, art 3, inc 2, sub inc 1, Infraccion art 5, 27, 37, 176, 179, 181, 182, 202, 223, 232, 233, 258 del CE",Fecha de visado invalida para formato AR (dd/mm/aaaa).
118,warning,invalid_ar_date,VISADO,44,"vivienda existente con planos, dos dormitorios, estar, comedor cocina, baño, vivienda a construir en PB, dos dormitorios, baño, cocina comedor, BAJO ORD 27/10, art 1, punto 2, inc 9, Infraccion art 5, 27, 37. 130, 179, 202, 232 del CE, Inf Ord 130/22, art 20 Anexo V",Fecha de visado invalida para formato AR (dd/mm/aaaa).
119,warning,invalid_ar_date,VISADO,44,"relevamiento de vivienda unifamiliar, dos dormitorios, baño, cocina comedor, cochera descubierta, BAJO ORD 27/10, art 1, punto 2, inc 2, Infraccion art 5, 27, 37, 144, 151, 178, 179, 181, 182, 202, 227, 232 del CE",Fecha de visado invalida para formato AR (dd/mm/aaaa).
120,warning,invalid_ar_date,VISADO,44,"relevamiento de dos unoidades de vivienda, cada una con tres dormitoios, cocina, comedor estatr, baño, una con lavadero cubierto, la otra con quincho semicubiierto con parrilla y bacha, cocheras semicubiertas al frente, BAJO ORD 27/10, art 1, punto 2 inc 2, Infraccion art 5, 27, 37, 178, 179, 181, 182, 202, 223, 233 del CE, Ord 56/07, art 3, inc 1, Ord 53/07",Fecha de visado invalida para formato AR (dd/mm/aaaa).
121,warning,invalid_ar_date,VISADO,44,"cuatro uniades de un dormitorio existentes, cuatro a construir de las mismas caracteristicas, a declarar pileta tanque australiano",Fecha de visado invalida para formato AR (dd/mm/aaaa).
122,warning,invalid_ar_date,VISADO,44,"vivienda existente en el fondo a remodelar y transformar en quincho, dos viviendas  a construir en el frente una en PB y otra en PA, cda una de un dormitorio, baño, cocina comedor estar, lavadero semicubierto, cocheras descubiertas, BAJO ORD 27/10, art 1, punto 2, inc 2, infraccion art 5, 27, 37, 232 del CE",Fecha de visado invalida para formato AR (dd/mm/aaaa).
123,warning,invalid_ar_date,VISADO,44,"BAJO ORD 27/10, art 1, punto 2, inc 2 y 3, Infraccion ORD 53/07, ORD 130/22, art 20, Anexo V, infraccion art 5, 27, 37, 179, 181, 182, 202, 223, 232, 233, 247 del CE",Fecha de visado invalida para formato AR (dd/mm/aaaa).
124,warning,invalid_ar_date,VISADO,44,"relevamiento de ampliaci{on realizada en galpón/depósito local comercial, BAJO ORD 27/10, art 1, inc 2, sub inc 2 y 3, Infraccion Ord 130/20, art 20, Anexo V(retiro, FOS), Infraccion art 5, 27, 37, 179 del CE",Fecha de visado invalida para formato AR (dd/mm/aaaa).
125,warning,invalid_ar_date,VISADO,44,"viienda existente, se plantea construir 4 unidades de vviienda de un dormitorio, baño, cocina comecdor estar, cocheras descubiertas y un espacio con pileta cubierta y dependencias ""pegadas"" a la vivieda existente, BAJO ORD 27/10, art 1 punto 1, inc 9, Infraccion art 5, 27, 37, 179 del CE",Fecha de visado invalida para formato AR (dd/mm/aaaa).
126,warning,invalid_ar_date,VISADO,44,"viviendas existentes, relevamiento de una, demolicion de la ubicada en la esquina y una nueva a construir de dos dormitorios, cocina comedor estar, cocheras descubiertas, BAJO ORD 27/10, art 1, punto 2, inc 2, Infraccion art 5, 27,37, 178, 179, 181, 182, 202, 227 del CE, ORd 56/07, art 3, inc 1, ORd 53/07",Fecha de visado invalida para formato AR (dd/mm/aaaa).
127,warning,invalid_ar_date,VISADO,44,"relevamiento de vivienda unifamiliar, tres dormitorios, baño, cocina comedor estar, acceso semicubierto, BAJO ORD 27/10, art 1, punto 2, inc 2 y 3, Infraccion art 5, 27, ,37, 178, 136 del CE",Fecha de visado invalida para formato AR (dd/mm/aaaa).
128,warning,invalid_ar_date,VISADO,44,"vivienda existente a demoler, local comercial a construir",Fecha de visado invalida para formato AR (dd/mm/aaaa).
129,warning,invalid_ar_date,VISADO,44,"demolición de construccion y local existente (alineacion) plano visado antes, local comercial a consutri, farmacia,",Fecha de visado invalida para formato AR (dd/mm/aaaa).
130,warning,invalid_ar_date,VISADO,44,"dos depositos a construir al fondo del lote, 4 locales comerciales con planos en el frente, BAJO ORD 27/10, Infraccion art 5, 27, 37, 179 del CE",Fecha de visado invalida para formato AR (dd/mm/aaaa).
131,warning,invalid_ar_date,VISADO,44,"relevamiento y remodelacion de vivienda existente en PB, vivienda nueva en PB al fondo del lote, dos viviendas a cosntruir en PA sobre la vivienda existente al frente del lote",Fecha de visado invalida para formato AR (dd/mm/aaaa).
132,warning,invalid_ar_date,VISADO,44,"dos unidades de vivienda a cosntruir, de alquiler, una en PA con dos dormitorios, cocina comedor estar y baño, en PB otra similar, tres cocheras semicubiertas, dos viviendas exitentes con planos de caract similares, piscina a construir, glapon deposito cochera al fondo a relevar accesible tambien desde lote lindero, BAJO ORD 27/10, art 1, punto 2, inc 2, Infraccion art 5, 27, 37 del CE",Fecha de visado invalida para formato AR (dd/mm/aaaa).
133,warning,invalid_ar_date,VISADO,44,"vivienda unifamiliar, tres dormitorios, uno en suite con baño privado, baño completo compartimentado, lavadero, toilet al exterior, estar comedor cocina desayunador, cochera semicubierta para dos vehiculos, BAJO ORD 27/10, art 1, punto 1, inc 9, punto 2, inc 2, Infraccion art 5, 27, 37, del CE",Fecha de visado invalida para formato AR (dd/mm/aaaa).
134,warning,invalid_ar_date,VISADO,44,"relevamiento de galpón depósito al fondo del lote, dos locales comerciales al frente c/u con sanitario con plano antecedente, BAJO ORD 27/10, art 1, punto 2, inc 2 y 3, Infraccion ORD 130/22, art 20 Anexo V, infraccion art 5, 27, 37, 176, 179, 202 del CE",Fecha de visado invalida para formato AR (dd/mm/aaaa).
135,warning,invalid_ar_date,VISADO,44,"edificio de cocheras a cosntruir ($208553,37)",Fecha de visado invalida para formato AR (dd/mm/aaaa).
136,warning,invalid_ar_date,VISADO,44,"una vivienda de cuatro dormitorios, estar, cocina comedor, depostio, baño, toilete y cochera semicubierta la frente, detrás, tres deptos, uno en PB de un dormitorio, cocina comedor y baño, en PA dos monoambientes, BAJO ORD 27/10, art 1, punto 2, inc 2 y 3, Infraccion art 5, 27, 37, 144, 151, 176, 202, 232, 246, 256 del CE",Fecha de visado invalida para formato AR (dd/mm/aaaa).
137,warning,invalid_ar_date,VISADO,44,"BAJO ORD 27/10, art 1, punto 2, inc 2, Infraccion art 5, 27, 37, 144, 151, 176, 181, 182, 202, 223, 233 del CE",Fecha de visado invalida para formato AR (dd/mm/aaaa).
138,warning,invalid_ar_date,VISADO,44,"demolicion de vivienda exixtente, se mantiene la fachada, edificio de departamentos a construir, 23 unidades de vivienda de un dormitorio, cocina comedor estar, baño, cocheras descubiertas, y semienterradas, local comercial en PB",Fecha de visado invalida para formato AR (dd/mm/aaaa).
139,warning,invalid_ar_date,VISADO,44,"BAJO ORD 27/10, art 1, punto 2, inc 2 y 3, Infraccion Ord 130/22, art 29, Anexo V, CE art 5, 27, 37, 144, 176, 178, 179, 202, 230, Infraccion Ord 53/07",Fecha de visado invalida para formato AR (dd/mm/aaaa).
140,warning,invalid_ar_date,VISADO,44,"dos unidades de vivienda a construir, dos dormitorios, baño, cocina comedor estar cada una, cochreas al frente descubiertas",Fecha de visado invalida para formato AR (dd/mm/aaaa).
141,warning,invalid_ar_date,VISADO,44,"relevamiento de ampliacion realizada en vivienda de dos dormitorios, baño, cocina comedor, dormitorio al fondo con baño y semicubierto para cochera",Fecha de visado invalida para formato AR (dd/mm/aaaa).
142,warning,invalid_ar_date,VISADO,44,"vivienda unifamiliar a construir, madera, en PA tres dormitorios, uno en suite con vestidor y bañoi compartimentado completo, baño completo compartimentado, sector estar intimo, balcones y lavadero, en PB estar comedor cocina desayunador sala de te, toilete, acceso, deposito, quincho con parrilla y baño, semicubierto al fondo galeria expansioin, semicubierto al frente para cocheras dos vehiculos, espacio de guardado exterior, piscina la fondo, terraza",Fecha de visado invalida para formato AR (dd/mm/aaaa).
143,warning,invalid_ar_date,VISADO,44,"viviendas con posibilidad de funcionar separadas o conjuntamente, tiene acceso a la PA desde la calle y desde el interior de la vivienda de PB, vivienda de dos dormitorios, baño, estar, cocina comedor, cochera lavadero cubierto en PB, en PA vivienda de tres dormitorios, baño, cocina comedor, estar, terraza balcón, aparte en PB quincho, cochera semicubierta, depósito cubierto y sobre esto otro quincho o salon multiuso con baño, BAJO ORD 27/10, art 1, punto 2, inc 2 y 3, Infraccion art 5, 27, 37, 144, 151, 179, 202 del CE, Ord 62/22, art 20, Anexo V",Fecha de visado invalida para formato AR (dd/mm/aaaa).
144,warning,invalid_ar_date,VISADO,44,"tes unidades de vivienda a construir, cada una con dos dormitorios, baño, cocina desayunador comedor estar, lavadero parrilla semicubierta con pergola, cochera semicubierta",Fecha de visado invalida para formato AR (dd/mm/aaaa).
145,warning,invalid_ar_date,VISADO,44,"ampliacion en vivienda unifamiliar existente, dormitorio en PA, en PB cocina comedor estar, dos dormitorios, baño, separado otro dormitorio al fondo con baño, espacio semicubirto con parrilla, cochera semicubierta la frente, BAJO ORD 27/10, art 1, punto 2, inc 2 y 3, Infraccion ORd 130/22, art 20 (FOS y RETIRO), Infraccion art 5, 27, 37, 144, 151, 178, 202, 247 del CE",Fecha de visado invalida para formato AR (dd/mm/aaaa).
146,warning,invalid_ar_date,VISADO,44,"relevamiento de 4 unidades de vivienda , 3 de alquiler, una de un dormitorio, baño y cocina comedor, otra de PB cocina comedor, estar, baño y en PA un entrepiso dormitorio, la otra  igual, estas tres ubicadas al frente del lote, vivienda unifamiliar al fondo con cocina comedor estar, dos dormitorios, baño, espacio tipo quincho estar comedor, parrilla y horno, BAJO ORD 27/10, art 1, punto 2, inc 2, Infraccion art 5, 27, 37, 176, 178, 179, 202, 223, 227, 236, 247 del CE, Ord 130/22, art 20, Ord 53/07",Fecha de visado invalida para formato AR (dd/mm/aaaa).
147,warning,invalid_ar_date,VISADO,44,"demolición sin permiso de vivienda existente, monoambiente a construir al fondo del lote",Fecha de visado invalida para formato AR (dd/mm/aaaa).
148,warning,invalid_ar_date,VISADO,44,"relevamieto de dos viviendas, una en PB de dos dormitoiros, baño, cocina comedor, una en PA de un dormitorio, cocina comedor estar, baño, BAJO ORD 27/10, art 5, 27, 37, 130, 146, 149, 151, 179, 181, 182, 205, 214, 227, 232, 233, 247 del CE, Ord 53/07, Ord 130/22",Fecha de visado invalida para formato AR (dd/mm/aaaa).
149,warning,invalid_ar_date,VISADO,44,"vivienda existente a demoler, vivienda unifamiliar a construir, cuatro dormitorios, oficina en PA y estudio en PB, estar cocina comedor, galeria quincho semicubierta, cochera semicubierta doble, (67811,73)",Fecha de visado invalida para formato AR (dd/mm/aaaa).
150,warning,invalid_ar_date,VISADO,44,"relevamieto de local comercial al frente, vivienda  unifamiliar al lado, un dormitorio, baño, cocina comedor estar, cochera descubierta, deposito lavadero al fondo, BAJO ORD 27/10, art 1, punto 2, inc 2, Infraccion art 5, 27, 37, 179, 202 del CE",Fecha de visado invalida para formato AR (dd/mm/aaaa).
151,warning,invalid_ar_date,VISADO,44,"vivienda unifamiliar a cosntruir, en PB estar comedor cocina, baño, dos dormitorios, en PA dos dormitorios cada uno con su baño, cochera descubierta lateral",Fecha de visado invalida para formato AR (dd/mm/aaaa).
152,warning,invalid_ar_date,VISADO,44,"relevamiento de vivienda unifamiliar ampliada, pegada a la vivienda original, comedor estar, dos dormitorios, baño, cochera cubierta, galeria con parrilla, al fondo cancha de futbol 5, semicubiertoa a los ladosw, baños, piletas (3) tipo tanque australiano, pequeñas, BAJO ORD 27/10, art 1, punto 2, inc 2 y 3, Infraccion Ard 130/22, art 21 (retiro), Infraccion art 5, 27, ,37, 176, 179, 247 del CE",Fecha de visado invalida para formato AR (dd/mm/aaaa).
153,warning,invalid_ar_date,VISADO,44,"departamentos (9) a construir en torre, un dormitorio, baño, cocina comedor esta, balcòn o terraza, Planteo 3 como oficinas, SE DEJA NOTA EN CARATULA",Fecha de visado invalida para formato AR (dd/mm/aaaa).
154,warning,invalid_ar_date,VISADO,44,"vivienda unifamiliar a construir, dos dormitorios, uno en suite con baño compartimentado y vestidor, baño, cocina desayunador comedor estar, lavadero cubierto, separado un estudio con baño, cochera semicubierta para dos vehículos, BAJO ORD 27/10, art 1, punto 2 inc 2 y 3, Infraccion ORd 130/22, art 21, Infraccion art 5, 27, 37, 176, 178, 179, 247 del CE",Fecha de visado invalida para formato AR (dd/mm/aaaa).
155,warning,invalid_ar_date,VISADO,44,"locales comerciales a construir, vivienda unifamiliar a demoler",Fecha de visado invalida para formato AR (dd/mm/aaaa).
156,warning,invalid_ar_date,VISADO,44,demolición de vivienda unfamiliar,Fecha de visado invalida para formato AR (dd/mm/aaaa).
157,warning,invalid_ar_date,VISADO,44,"ampliación vivienda unifamiliar , a ejecutar en PA sobre cochera un depto de un dormitorio, baño y cocina comedor, a demoler un pequeño deposito, BAJO ORD 27/10, art 1, punto 2, inc 2, Infraccion art 5, 27, 37, 179, 247 del CE",Fecha de visado invalida para formato AR (dd/mm/aaaa).
158,warning,invalid_ar_date,VISADO,44,"a demoler existente al frente, en  su lugar vivienda a construir al frente, un dormitorio, baño, cocina comedor estar, cocheras descubiertas, Vivienda al fondo en PB cocina comedor baño, en PA dos dormitorios y baño, BAJO ORD 27/10, art 1, punto 2, inc 2, Infraccion art 5, 27, 37, 179, 232 del CE, Infraccion Ord 56/07, art 3, inc 2, sub inc 1",Fecha de visado invalida para formato AR (dd/mm/aaaa).
159,warning,invalid_ar_date,VISADO,44,"relevamiento de vivienda unifamiliar con dos dormitorios, cocina, comedor estar,  baño, lavadero, descubierto, sector de parrilla, depòsito al fondo, local comercial con foza, ocupa vereda con techo, BAJO ORD 27/10, art 1, punto 2, inc 1, 2 y 3, Infraccion art 5, 27, 37,144, 151, 179, 202, 223, 230, 233 del CE, Ord 130/22, art 20, Zona Urbana",Fecha de visado invalida para formato AR (dd/mm/aaaa).
160,warning,invalid_ar_date,VISADO,44,"dos unidades de vivienda a cosntruir, dos dormitorios, cocina, cocmedor estar, baño, no marca cochera",Fecha de visado invalida para formato AR (dd/mm/aaaa).
161,warning,invalid_ar_date,VISADO,44,"vivienda existente con planos, tipo 2002, tres dormitorios, baño, cocina comedor estar, semicubierto lateral y acceso, galpón depósito a relevar al frente del lote, baño, entrepiso, BAJO ORD 27/10, art 1, punto 2, inc 2, Infraccion art 5, 27, 37, 144, 151, 176, 202, 232, 246, 256 del CE, ORd 130/22, art 20, anexo V",Fecha de visado invalida para formato AR (dd/mm/aaaa).
162,warning,invalid_ar_date,VISADO,44,"relevamiento vivienda tipo Viviendas 2002, dos dormitorios, cocina comedor estar, baño, espacio cochera semicubierto, BAJO ORD 27/10, art 1, punto 2, inc 2, Infraccion art 5, 27, 37, 144, 151, 178, 202, 236 del CE",Fecha de visado invalida para formato AR (dd/mm/aaaa).
163,warning,invalid_ar_date,VISADO,44,"relevamiento vivienda unifamiliar,tres dormitorios, baño, cocina comedor estar, galeria semicubierta quincho, BAJO ORD 27/10, art 1, punto 2, inc 2, Infraccion art 5, 27, 37 del CE",Fecha de visado invalida para formato AR (dd/mm/aaaa).
164,warning,invalid_ar_date,VISADO,44,"relevamiento de dos unidades de vivienda, una al fondo del lote, dos dormitorios, baño, cocina comedor, otra al frente dos dormitorios, baño, cocina comedor estar, espacio de cocheras descubierta, BAJO ORD 27/10, art 1, punto 2, inc 2 y 3, Infraccion art 5, 27, 37, 144, 151, 179, 201, 202, 223 del CE",Fecha de visado invalida para formato AR (dd/mm/aaaa).
165,warning,invalid_ar_date,VISADO,44,"relevamiento construccòn al fondo del lote, SUM, baño y depòsito en PB y deposito en PA, a construir en el frente hall, dos salas amplias divisibles en cuatro, grupo sanitario separado por sexos, BAJO ORD 27/10, art 1, punto 2, inc 2 y 3, Infraccion Ord 130/22, art 20, anexo V, Infraccion Ord 56/07, art 3, inc 2, sub inc 2, infraccion art 5, 27, 37, 144, 151, 176, 202, 232, 246, 256 del CE",Fecha de visado invalida para formato AR (dd/mm/aaaa).
166,warning,invalid_ar_date,VISADO,44,"relevamiento de vivienda unifamiliar con tres dormitorios, cocina comedor estar, dos baños, lavadero, cochera semicubierta para dos vehiculos con sector de parrilla, pileta de fibra de vidrio al fondo, BAJO ORD 27/10, art 1, punto 2, inc 2 y 3,Infraccion CE art 5, 27, 37, 236 del CE, Ord 130/21, art 21",Fecha de visado invalida para formato AR (dd/mm/aaaa).
167,warning,invalid_ar_date,VISADO,44,"relevamiento de salón religioso, quincho al fondo, entrepiso en el frente, BAJO ORD 27/10, art 1, punto 2, inc 2 y 3, Infraccion Ord 130/22, art 20, anexo V, infraccion art 5, 27, 37, 176, 179, 227, 230, 236, 258, 264 del CE",Fecha de visado invalida para formato AR (dd/mm/aaaa).
168,warning,invalid_ar_date,VISADO,44,"vivienda unifamiliar a construir, tres dorimitorios, uno en suite con baño y vestidor, baño, cocina comedor estar, cochera semicubierta doble, galeria posterio con parrilla",Fecha de visado invalida para formato AR (dd/mm/aaaa).
169,warning,invalid_ar_date,VISADO,44,"relevamiento de viviendas, un grupo de dos, otras sobre dos locales comerciales ubicados en PB, BAJO ORD 27/10, art 1, punto 2, inc 2, Infraccion Ord 53/07",Fecha de visado invalida para formato AR (dd/mm/aaaa).
170,warning,invalid_ar_date,VISADO,44,"depósito a construir en vivienda existente ahora utilizada por el Poder Judicial, Bajo ord 27/10,m art 1, punto 2, inc 2 y 3, Infraccion art 5, 27, 37, 179, 223, 232, 233 del CE, Ord 130/22, art 20, Anexo V",Fecha de visado invalida para formato AR (dd/mm/aaaa).
171,warning,invalid_ar_date,VISADO,44,"relevamiento de cuatro cabañas de madera, BAJO ORD 27/10, art 1, punto 2, inc 2, Infraccion art 5, 27, 37, 144, 176, 178, 179, 181 194, 198, 201, 202, 205, 214 del CE, Ord 53/07",Fecha de visado invalida para formato AR (dd/mm/aaaa).
172,warning,invalid_ar_date,VISADO,44,"vivienda unifamiliar existente con antecedentes en PB estar comedor cocina, baño copleto, lavadero semicubierto, cochera semicubierta, en PA dos dormitorios, dos unidades de vivienda de alquiler a relevar, cada una un dormitorio, baño, cocina comedor, cochera semicubierta, BAJO Ord 27/10, art 1, punto 2, inc 2, Infracción art 5, 27, 37, 178, 179, 201, 202, 226, 232, 247 del CE",Fecha de visado invalida para formato AR (dd/mm/aaaa).
173,warning,invalid_ar_date,VISADO,44,"demolición de vivienda unfamiliar, vivienda unifamiliar a construir, tres dormitorios, baño principal compartimentado, balcones, estar, cocina comedor, galeria quincho con toilete de acceso exterior, cochera cubierta",Fecha de visado invalida para formato AR (dd/mm/aaaa).
174,warning,invalid_ar_date,VISADO,44,"relevamiento de dos unidades de vivienda , cada una de dos dormitorios, cocina comedor estar, baño, una con cochera cubierta, la otra con un deposito cubierto sin acceso desde la calle, BAJO ORD 27/10, art 1, punto 2, inc 2 y 3, Infraccion Ord 130/22, art 20, Anexo VB, infraccion Cod de Edif Art 5, 27, 37, 130, 144, 151, 178, 179",Fecha de visado invalida para formato AR (dd/mm/aaaa).
176,warning,invalid_ar_date,VISADO,44,"vivienda unifamiliar a construir, tres dormitorios, una con baño privado, baño, cocina comedor estar, patio interno, cochera descubierta lateral",Fecha de visado invalida para formato AR (dd/mm/aaaa).
177,warning,invalid_ar_date,VISADO,44,"vivienda unifamiliar existente declarada, dos dormitorios, dos baños, escritorio, deposito, toilete exterior, estar comedor cocina, hall, quincho con depósito y baño y piscina a construir",Fecha de visado invalida para formato AR (dd/mm/aaaa).
178,warning,invalid_ar_date,VISADO,44,"Local comercial en PB, vivienda en PA con tres dormitorios, cocina comedor estar, baño, lavadero, cochera descubierta, vivienda al fondo, con dos dormitorios, baño, cocina comedor estar, cochera semicubierta",Fecha de visado invalida para formato AR (dd/mm/aaaa).
179,warning,invalid_ar_date,VISADO,44,"vivienda unifamiliar existente, dos dormitorios, baño completo compartimentado, toilete, estar comedor cocina, cochera semicubierta al frente con sector parrilla, a colocar piscina al costado de la vivienda",Fecha de visado invalida para formato AR (dd/mm/aaaa).
180,warning,invalid_ar_date,VISADO,44,"tres unidades de vivienda a construir, apareadas, en PB estar comedor cocina, roilete, cochera semicubierta, en PA, baño y dos dormitorios con balcon al fondo y parrilla",Fecha de visado invalida para formato AR (dd/mm/aaaa).
181,warning,invalid_ar_date,VISADO,44,"relevamiento de amplaciòn realizada en galpòn, depòsito, un entrepiso, BAJO ORD 27/10, art 1, punto 2, inc 2, Infracciòn art 5, 27, 37, 144, 179, 202, 223, 233 del CE",Fecha de visado invalida para formato AR (dd/mm/aaaa).
182,warning,invalid_ar_date,VISADO,44,"relevamiento de dos unidades de alquiler, monoambientes, tres unidades de dos dormitorios, baño, cocina comedor, cochera semicubierta y pileta  existentes al fondo , BAJO ORD 27/10, art 1, punto 2, inc 2, Infraccion Ord 130/22, art 23, Anexo V, CE art 5, 27, 37, 144, 176, 178, 236",Fecha de visado invalida para formato AR (dd/mm/aaaa).
183,warning,invalid_ar_date,VISADO,44,"relevamiento de vivienda unifamiliar de dos dormitorios, baño, cocina comedor estar, dos viviendas apareadas exixtentes de un dormitorio, baño, cocina comedor, cochera decubierta.BAJO ORD 27/10, art 1, punto 2 y 3, Infraccion Ord 56/07, art 3, Ord 53/07, CE art 5, 27, 37, 130, 176, 178, 179, 181, 182, 201, 202, 231",Fecha de visado invalida para formato AR (dd/mm/aaaa).
184,warning,invalid_ar_date,VISADO,44,"plano conforme a obra, edificio de departamentos, 11 departamentos, 9 de un dormitorio, cocina comedor estar, baño y balcon, dos de dos dormitorios, cocina comedor estar, balcon al frente, quincho en la terraza con piscina, faltan cocheras, local comercial en PB, BAJO ORD 27/10, art 1, punto 2, inc 2 y 3, Infraccion Odr 53/07, Ord 130/22, art 19, Anexo V, Infraccion CE art 5, 27, 37, 176, 178, 179, 181, 182, 202, 232, 240, 264",Fecha de visado invalida para formato AR (dd/mm/aaaa).
186,warning,invalid_ar_date,VISADO,44,"vivienda unifamiliar a consrtuir, un dormitorio, cocina comedor estar, baño, cochera descubierta, a verificar COTA *10,00m",Fecha de visado invalida para formato AR (dd/mm/aaaa).
187,warning,invalid_ar_date,VISADO,44,"vivienda unifamiliar a consrtuir, un dormitorio, cocina comedor estar, baño, cochera descubierta, a verificar COTA *10,00m",Fecha de visado invalida para formato AR (dd/mm/aaaa).
188,warning,invalid_ar_date,VISADO,44,"local comercial en PB y cocheras semicubiertas, en PA siete monambientes, a construir",Fecha de visado invalida para formato AR (dd/mm/aaaa).
189,warning,invalid_ar_date,VISADO,44,"ampliaciòn de quincho nexistente al fondo para transformarlo en dos monoambientes, BAJO ORD 27/10, art 1, punto 2, inc 2, Infraccion Ord 56/07, art 3, CE art 5, 27, 37, 176, 178, 179, 202, 223, 232 ,233, 247",Fecha de visado invalida para formato AR (dd/mm/aaaa).
190,warning,invalid_ar_date,VISADO,44,"relevamiento de dos unidades de vivienda , una sion terminar, de madera, otra mas ya declarada al frente, BAJO ORD 27/10, art 1, punto 2, inc 2 y 3, Infraccion C.E art 5, 27, 37, 144, 151, 176, 178, 179, 181, 182, 198, 202, 214, 223, 232, 233, Ord 130/22, art 20",Fecha de visado invalida para formato AR (dd/mm/aaaa).
191,warning,invalid_ar_date,VISADO,44,"vivienda unifamiliar relevada, dos dormitorios, uno con vestidor y baño, baño, cocina comedor estar, cochera semicubierta, BAJO ORD 27/10, art 1, punto 2, inc 2 y 3, punto 1, inc 9, INFRACCION C.E. art 5, 27, 37, 141, 144, 151, 182, Ord 130/22, art 21, anevo V",Fecha de visado invalida para formato AR (dd/mm/aaaa).
193,warning,invalid_ar_date,VISADO,44,"vivienda unifamiliar a construir, a la fecha terminada,  sistema de construccion industrializado en seco (Steel Framing), dos dormitorios, baño, estar comedor cocina, lavadero, cochera descubierta, BAJO ORD 27/10, art 1, punto 1, inc 9, punto 2, inc 2 y 3, Infracción C.E. art 5, 27, 37, Ord 130/22, art 20, Anexo V",Fecha de visado invalida para formato AR (dd/mm/aaaa).
194,warning,invalid_ar_date,VISADO,44,"relevamiento de dos unidades de vivienda, una de un dormitorio, baño y cocina comedor estar, cochera descubierta, otra e la esquina de dos dormitorios, baño, cocina, comedor cochera semicubierta, BAJO ORD 27/10, art 1, punto 2, inc 2, y 3, Infraccion Ord 130/22, art 20, Anexo V, Infraccion art 5, 27, 37, 144, 176, 178, 182, 201, 202, 214, del CE, Ord 53/07",Fecha de visado invalida para formato AR (dd/mm/aaaa).
195,warning,invalid_ar_date,VISADO,44,"vivienda unifamiliar existente, en PB dormitorio ppal en suite, con vestidor y baño compartimentado, cochera cubierta, depòsito para cochera, toilette bajo escalera, cocina desayunador comedor , estar, acceso semicubierto, galerìa al fondo con parrilla, cocheras dobles semicubiertas, en PA dos dormitorios, baño completo, balcon y estar intimo balconeando sobre el estar y acceso de PB, Piscina a construir, BAJO ORD 27/10, art 1, punto 2, inc 2, Infraccion CE art 5, 27, 37",Fecha de visado invalida para formato AR (dd/mm/aaaa).
196,warning,invalid_ar_date,VISADO,44,"relevamiento de local comercial, baños, cocina, BAJO ORD 27/10, art 1, punto 2, inc 2 y 3, Infraccion art 5, 27, 37, 130, 179, 202, 223, 232, 233 del CE, Ord 130/22, art 19, Anexo V (pluviales)",Fecha de visado invalida para formato AR (dd/mm/aaaa).
197,warning,invalid_ar_date,VISADO,44,"piscina existente , vivienda unifamiliar a construir, tres dormitorios, cochra semicubierta la frente docle, cocina comedor estar, galeria trasera con parrilla, toilet, baulera",Fecha de visado invalida para formato AR (dd/mm/aaaa).
197,warning,unassigned_legajo,LEGAJO,1,DESISTIDO,Fila con datos que no pudo asignarse a un legajo canonico.
198,warning,invalid_ar_date,VISADO,44,"relevamiento de dos unidades de vivienda , una en PB monoambiente, otra en PA con un dormitorio, BAJO ORD 27/10, art 1, punto 2, inc 2 y 3, Infraccion CE art 5, 27, 37, 144, 151, 176, 178, 179, 181, 182, 202, 223, 226, 230, 232, 233, Infraccion ORD 53/07, Ord 130/22, art 20",Fecha de visado invalida para formato AR (dd/mm/aaaa).
199,warning,invalid_ar_date,VISADO,44,"una vivieda de dos dormitorios, baño, cocina comedor estar y cochera semicubierta existente con antecedente, a relevar ampliacion de ésta y vivienda ubicada al fondo del lote, un dormitorio, cocina comedor estar y baño, BAJO OIRD 27/10, art 1, punto 2, inc 2, Ibnfraccion CE art 5, 27, 37, 144, 151, 176, 179, 198, 201, 202, 214, 223, ORd 56/07, art 3, inc 1, ORD 130/22, art 20",Fecha de visado invalida para formato AR (dd/mm/aaaa).
200,warning,invalid_ar_date,VISADO,44,"vivienda unifamiliar, cuatro dormitorios, el ppal en PB en suite con baño, baño de servicio, cocina comedor estar, lavadero cubierto quincho semicubierto galeria, en PA tres dormitorios cada uno con un baño y balcon",Fecha de visado invalida para formato AR (dd/mm/aaaa).
201,warning,invalid_ar_date,VISADO,44,"relevamiento de local comercial y deptos en planta superior, BAJO ORD 27/10, art 1, punto 2, inc 2 y 3, Infraccion CE art 5, 27, 37, 144, 178, 179, 182, 202, 214, 223 230, 232, 233, 246, 247, Ord 56/07, art 3, inc 2, sub inc 1, Ord 53/07, Ord 95/14, Ord 130/22, art 20",Fecha de visado invalida para formato AR (dd/mm/aaaa).
203,warning,invalid_ar_date,VISADO,44,"cuatro bungalos a construir, cada uno de dos dormitorios, baño, cocina comedor, cochera descubierta, piscina, tanque de agua",Fecha de visado invalida para formato AR (dd/mm/aaaa).
204,warning,invalid_ar_date,VISADO,44,"relevamiento de dos unidades de vivienda cada una de dos dormitorios, baño cocina comedor, separado, baños publicos, pileta de natacion y tobogan de hormgon, depósito debajo, BAJO or d27/10, art 1, punto 2, inc 2 y 3, Infraccion CE art 5, 27, 37, 176, 178, 179, 201, 202, Ord 130/22, art 21, anexo V",Fecha de visado invalida para formato AR (dd/mm/aaaa).
205,warning,invalid_ar_date,VISADO,44,"dos viviendas existentes, una de un dormitorio, baño, cocina comedor, otra de dos dormitorios, cocina comedor estar, baño, separado cochera cubierta y en PA a relevar salon tipo quincho con parrilla deposito y baño, BAJO ORD 27/10, art 1, punto 2, inc 1, 2 y 3, Infraccion CE art 5, 27, 37, 130, 176, 178, 179, 181, 182, 223, 226, 232, Ord 53/07, Ord 29/10, Ord 37/03, Ord 130/22, art 20 - ACTA por techo y parrillas en vereda",Fecha de visado invalida para formato AR (dd/mm/aaaa).
206,warning,invalid_ar_date,VISADO,44,"relevamiento de dos unidades de vivienda, una en PB y otra igual en PA, dos dormitorios, baño, cocina comedor, cocheras semicubiertas al frente, BAJO ORD 27/10, art 1, punto 2, inc 2 , Infraccion art 5, 27, 37, 144, 151, 176, 178, 179, 181, 182, 202, 226, 232 DEL ce, orD 56/07, ART 3, INC 2, SUB INC 1",Fecha de visado invalida para formato AR (dd/mm/aaaa).
207,warning,invalid_ar_date,VISADO,44,demolición de vivienda unifamiliar existente,Fecha de visado invalida para formato AR (dd/mm/aaaa).
208,warning,invalid_ar_date,VISADO,44,"relevamiento de local comercial en PB esquina y seis deptos de PB y PA, releva pequeña ampliacion de un baño y un office, BAJO ORD 27/10, art 1, punto 2, inc 2 y 3, Infraccion CE art 5, 27, 37, 179, Ord 130/22, art 20, Anexo V",Fecha de visado invalida para formato AR (dd/mm/aaaa).
