categoria,capa
Transporte,Ecobici
Transporte,Estacionamiento de bicis
Transporte,Bicicleterías
Transporte,Red Vial
Transporte,Accesibilidad (COPIDIS)
Transporte,Paradas de Taxi
Transporte,Estaciones de Servicio
Urbanismo,Comunas
Urbanismo,Distritos Económicos
Urbanismo,Arbolado censo 2017-2018
Urbanismo,Manzanas Atípicas
Urbanismo,Mapa Oficial
Urbanismo,Precios de Terrenos ofertados 2001 - 2011
Urbanismo,Relevamiento de Usos del Suelo 2011
Urbanismo,Accesibilidad (COPIDIS)
Urbanismo,Código de Planeamiento Urbano
Urbanismo,Inspecciones de obras en construcción
Urbanismo,Concesiones
Urbanismo,Población por radio censal
Urbanismo,Especies de árboles permitidas
Servicios,Comisarías y cuarteles de Bomberos
Servicios,Servicios Sociales
Servicios,Fiscalías de la Ciudad
Servicios,WiFi Gratis (CABA)
Servicios,Arquidiócesis
Servicios,Centros de Integración Laboral
Servicios,Bancos
Servicios,Cajeros Automáticos
Servicios,Embajadas y Consulados
Servicios,Organizaciones Sociales
Servicios,Trámites Vehiculares
Servicios,Ferias Itinerantes de Abastecimiento Barrial
Salud,Salud (CABA)
Salud,Farmacias
Salud,Centros vacunatorios
Salud,Unidades Febriles de Urgencia
Educación,Establecimientos Educativos de Gestión Estatal (CABA)
Educación,Establecimientos Educativos de Gestión Privada (CABA)
Educación,Universidades
Educación,Senderos Escolares
Educación,Centros de Atención Plan Sarmiento BA
Educación,Centros de Educación No Formal
Cultura,Bibliotecas de la Ciudad
Cultura,Centros Culturales
Cultura,Espacios Culturales
Cultura,Cines
Cultura,Espacios Escénicos (Teatro, Música y Danza)
Cultura,Museos
Cultura,Espacios de formación
Cultura,Galerías de arte y salas de exposición
Cultura,Librerías y disquerías
Cultura,Bares culturales
Cultura,Peñas
Cultura,Milongas
Cultura,Bibliotecas y Archivos
Cultura,Calesitas
Deportes y Esparcimiento,Sedes Deportivas
Deportes y Esparcimiento,Actividades Deportivas Gratuitas
Deportes y Esparcimiento,Pistas de Skate
Deportes y Esparcimiento,Esparcimiento
Deportes y Esparcimiento,Gastronomía
Deportes y Esparcimiento,Ferias
Deportes y Esparcimiento,Colectividades
Medio Ambiente,Ciudad Limpia
Medio Ambiente,Sitios privados de recolección de pilas
Medio Ambiente,Transformadores
Medio Ambiente,Medición de antenas
Medio Ambiente,Información hídrica
Medio Ambiente,Mapa de Ruido Período Diurno
Medio Ambiente,Mapa de Ruido Período Nocturno
Medio Ambiente,Áreas de Sensibilidad Acústica en el Ambiente Exterior (ASAE)
Imágenes y Fotografías,Vista Aérea 1940
Imágenes y Fotografías,Vista Aérea 1965
Imágenes y Fotografías,Vista Aérea 1978
Imágenes y Fotografías,Vista Satelital 2004
Imágenes y Fotografías,Vista Satelital 2006
Imágenes y Fotografías,Vista Satelital 2008
Imágenes y Fotografías,Vista Satelital 2009
Imágenes y Fotografías,Vista Aérea 2014
Imágenes y Fotografías,Vista Aérea 2017
Diversidad,Lugares Emblemáticos
Diversidad,Espacios comprometidos con la diversidad
Diversidad,Semana del Orgullo
Memoria BA,Memoria BA: todas las huellas
Memoria BA,Terrorismo Internacional
Memoria BA,Malvinas
Memoria BA,Recordatorios Urbanos
Memoria BA,Genocidios Internacionales
Memoria BA,Terrorismo de Estado
Memoria BA,30 Años de Autonomía de la Ciudad
